"","Akt","Erk","Jnk","Mek","P38","PIP2","PIP3","PKA","PKC","Plcg","Raf"
"1","AVG","HIGH","LOW","AVG","LOW","AVG","LOW","AVG","AVG","HIGH","LOW"
"2","AVG","HIGH","LOW","LOW","LOW","LOW","AVG","HIGH","LOW","HIGH","LOW"
"3","HIGH","HIGH","AVG","HIGH","HIGH","LOW","HIGH","LOW","LOW","LOW","HIGH"
"4","LOW","AVG","LOW","AVG","LOW","LOW","HIGH","AVG","AVG","LOW","AVG"
"5","LOW","AVG","AVG","LOW","LOW","LOW","AVG","AVG","AVG","LOW","LOW"
"6","LOW","AVG","LOW","AVG","LOW","LOW","AVG","AVG","AVG","LOW","LOW"
"7","LOW","AVG","LOW","LOW","AVG","LOW","LOW","AVG","AVG","LOW","AVG"
"8","AVG","AVG","LOW","LOW","LOW","LOW","LOW","AVG","AVG","LOW","AVG"
"9","HIGH","HIGH","LOW","HIGH","LOW","LOW","LOW","LOW","LOW","LOW","HIGH"
"10","LOW","AVG","LOW","AVG","LOW","LOW","AVG","AVG","AVG","LOW","LOW"
"11","AVG","AVG","LOW","HIGH","LOW","LOW","AVG","LOW","LOW","LOW","HIGH"
"12","LOW","LOW","LOW","LOW","LOW","LOW","HIGH","LOW","AVG","AVG","AVG"
"13","AVG","HIGH","LOW","AVG","LOW","LOW","LOW","AVG","AVG","LOW","LOW"
"14","AVG","HIGH","LOW","LOW","LOW","LOW","HIGH","AVG","AVG","LOW","LOW"
"15","LOW","AVG","AVG","LOW","LOW","LOW","AVG","AVG","LOW","LOW","AVG"
"16","LOW","HIGH","AVG","LOW","LOW","LOW","HIGH","AVG","AVG","LOW","LOW"
"17","AVG","LOW","HIGH","LOW","LOW","LOW","AVG","AVG","HIGH","LOW","LOW"
"18","HIGH","HIGH","AVG","LOW","LOW","LOW","LOW","AVG","LOW","LOW","LOW"
"19","LOW","AVG","AVG","LOW","AVG","LOW","AVG","AVG","AVG","LOW","AVG"
"20","LOW","AVG","LOW","LOW","LOW","LOW","HIGH","AVG","AVG","LOW","LOW"
"21","LOW","AVG","AVG","AVG","LOW","LOW","LOW","AVG","HIGH","LOW","LOW"
"22","HIGH","HIGH","HIGH","HIGH","LOW","LOW","HIGH","LOW","LOW","LOW","HIGH"
"23","AVG","AVG","AVG","LOW","LOW","LOW","AVG","AVG","AVG","AVG","LOW"
"24","LOW","AVG","LOW","AVG","LOW","LOW","HIGH","AVG","AVG","LOW","LOW"
"25","LOW","LOW","LOW","LOW","AVG","LOW","HIGH","HIGH","LOW","LOW","LOW"
"26","LOW","AVG","LOW","LOW","LOW","LOW","LOW","HIGH","LOW","LOW","AVG"
"27","LOW","AVG","LOW","LOW","LOW","LOW","LOW","AVG","LOW","LOW","HIGH"
"28","AVG","HIGH","LOW","LOW","AVG","LOW","LOW","AVG","AVG","LOW","LOW"
"29","HIGH","HIGH","HIGH","HIGH","HIGH","LOW","AVG","LOW","LOW","LOW","HIGH"
"30","AVG","HIGH","LOW","LOW","LOW","LOW","HIGH","AVG","AVG","LOW","LOW"
"31","AVG","LOW","HIGH","LOW","HIGH","LOW","LOW","LOW","LOW","LOW","HIGH"
"32","AVG","AVG","LOW","AVG","LOW","HIGH","LOW","AVG","AVG","HIGH","AVG"
"33","LOW","AVG","LOW","AVG","LOW","LOW","LOW","AVG","LOW","LOW","AVG"
"34","AVG","AVG","AVG","AVG","LOW","LOW","AVG","AVG","AVG","LOW","AVG"
"35","LOW","AVG","AVG","LOW","LOW","AVG","HIGH","AVG","HIGH","LOW","LOW"
"36","LOW","AVG","LOW","AVG","LOW","LOW","AVG","AVG","AVG","LOW","AVG"
"37","LOW","LOW","AVG","LOW","AVG","LOW","AVG","AVG","AVG","LOW","LOW"
"38","LOW","AVG","LOW","AVG","LOW","LOW","LOW","AVG","AVG","LOW","LOW"
"39","AVG","AVG","HIGH","LOW","LOW","LOW","AVG","LOW","LOW","LOW","LOW"
"40","LOW","AVG","LOW","AVG","LOW","LOW","AVG","AVG","AVG","LOW","LOW"
"41","HIGH","HIGH","AVG","HIGH","LOW","LOW","HIGH","LOW","LOW","LOW","HIGH"
"42","AVG","HIGH","LOW","LOW","LOW","LOW","AVG","AVG","AVG","LOW","LOW"
"43","LOW","AVG","LOW","AVG","LOW","AVG","HIGH","AVG","AVG","LOW","AVG"
"44","LOW","AVG","LOW","LOW","LOW","HIGH","HIGH","AVG","AVG","HIGH","LOW"
"45","LOW","AVG","AVG","LOW","LOW","LOW","HIGH","AVG","AVG","LOW","LOW"
"46","LOW","AVG","LOW","LOW","LOW","LOW","HIGH","AVG","AVG","LOW","LOW"
"47","LOW","AVG","LOW","LOW","AVG","LOW","LOW","AVG","AVG","LOW","AVG"
"48","LOW","AVG","LOW","AVG","LOW","LOW","AVG","AVG","HIGH","LOW","AVG"
"49","LOW","LOW","HIGH","LOW","HIGH","LOW","LOW","LOW","LOW","LOW","LOW"
"50","LOW","LOW","LOW","LOW","HIGH","LOW","HIGH","LOW","LOW","LOW","HIGH"
"51","AVG","HIGH","AVG","LOW","AVG","LOW","HIGH","AVG","AVG","LOW","LOW"
"52","LOW","LOW","LOW","LOW","LOW","LOW","HIGH","AVG","LOW","AVG","LOW"
"53","AVG","HIGH","LOW","LOW","LOW","LOW","AVG","HIGH","LOW","LOW","LOW"
"54","LOW","AVG","AVG","LOW","AVG","LOW","LOW","AVG","AVG","LOW","LOW"
"55","LOW","AVG","AVG","LOW","LOW","LOW","HIGH","AVG","AVG","LOW","LOW"
"56","LOW","AVG","LOW","AVG","LOW","LOW","AVG","AVG","AVG","LOW","AVG"
"57","LOW","LOW","LOW","LOW","HIGH","LOW","AVG","HIGH","LOW","LOW","LOW"
"58","LOW","AVG","LOW","LOW","LOW","HIGH","AVG","AVG","LOW","HIGH","HIGH"
"59","AVG","HIGH","AVG","AVG","LOW","LOW","LOW","AVG","AVG","LOW","AVG"
"60","LOW","AVG","LOW","LOW","LOW","LOW","LOW","AVG","LOW","LOW","LOW"
"61","LOW","AVG","AVG","LOW","LOW","LOW","AVG","AVG","AVG","LOW","LOW"
"62","HIGH","HIGH","LOW","HIGH","HIGH","LOW","AVG","LOW","LOW","LOW","HIGH"
"63","LOW","AVG","LOW","LOW","AVG","LOW","AVG","AVG","AVG","LOW","LOW"
"64","AVG","HIGH","AVG","LOW","LOW","LOW","AVG","AVG","HIGH","LOW","LOW"
"65","AVG","LOW","HIGH","LOW","HIGH","AVG","HIGH","LOW","LOW","AVG","HIGH"
"66","LOW","AVG","AVG","LOW","LOW","LOW","LOW","AVG","HIGH","HIGH","LOW"
"67","LOW","LOW","AVG","LOW","AVG","LOW","HIGH","AVG","HIGH","AVG","LOW"
"68","LOW","AVG","AVG","LOW","AVG","LOW","HIGH","AVG","AVG","LOW","LOW"
"69","AVG","LOW","AVG","LOW","AVG","AVG","HIGH","AVG","HIGH","HIGH","LOW"
"70","AVG","AVG","LOW","HIGH","HIGH","AVG","LOW","LOW","LOW","HIGH","HIGH"
"71","AVG","HIGH","AVG","AVG","LOW","LOW","HIGH","AVG","AVG","AVG","AVG"
"72","LOW","AVG","LOW","LOW","LOW","LOW","AVG","AVG","AVG","LOW","LOW"
"73","LOW","AVG","AVG","LOW","LOW","LOW","HIGH","AVG","LOW","AVG","HIGH"
"74","AVG","HIGH","LOW","LOW","LOW","LOW","LOW","AVG","LOW","LOW","LOW"
"75","LOW","AVG","AVG","AVG","LOW","LOW","AVG","AVG","AVG","LOW","AVG"
"76","HIGH","HIGH","AVG","HIGH","AVG","LOW","HIGH","LOW","LOW","LOW","HIGH"
"77","AVG","HIGH","LOW","LOW","LOW","LOW","HIGH","AVG","AVG","LOW","AVG"
"78","LOW","AVG","AVG","LOW","LOW","LOW","AVG","AVG","HIGH","LOW","LOW"
"79","LOW","AVG","AVG","AVG","LOW","LOW","AVG","AVG","LOW","LOW","LOW"
"80","AVG","AVG","AVG","LOW","LOW","LOW","AVG","AVG","HIGH","LOW","LOW"
"81","AVG","HIGH","HIGH","HIGH","HIGH","LOW","AVG","LOW","LOW","LOW","HIGH"
"82","LOW","AVG","AVG","LOW","LOW","LOW","AVG","AVG","AVG","LOW","LOW"
"83","AVG","AVG","AVG","LOW","LOW","LOW","HIGH","AVG","HIGH","LOW","LOW"
"84","LOW","AVG","LOW","LOW","LOW","LOW","HIGH","HIGH","LOW","AVG","LOW"
"85","LOW","AVG","LOW","LOW","LOW","LOW","LOW","HIGH","LOW","LOW","LOW"
"86","LOW","AVG","AVG","LOW","LOW","LOW","AVG","AVG","AVG","LOW","LOW"
"87","LOW","AVG","AVG","AVG","LOW","LOW","AVG","AVG","AVG","LOW","HIGH"
"88","LOW","AVG","LOW","LOW","LOW","LOW","AVG","HIGH","LOW","LOW","LOW"
"89","AVG","LOW","AVG","LOW","LOW","LOW","HIGH","AVG","LOW","AVG","LOW"
"90","LOW","AVG","LOW","AVG","LOW","LOW","AVG","AVG","AVG","LOW","LOW"
"91","AVG","HIGH","AVG","AVG","AVG","LOW","LOW","AVG","LOW","AVG","AVG"
"92","LOW","AVG","LOW","AVG","LOW","LOW","LOW","AVG","AVG","LOW","AVG"
"93","LOW","LOW","HIGH","AVG","LOW","LOW","HIGH","LOW","LOW","LOW","AVG"
"94","LOW","AVG","LOW","LOW","AVG","LOW","HIGH","AVG","AVG","LOW","AVG"
"95","AVG","AVG","LOW","LOW","LOW","LOW","HIGH","AVG","AVG","LOW","AVG"
"96","LOW","AVG","AVG","LOW","AVG","AVG","LOW","AVG","AVG","HIGH","AVG"
"97","HIGH","HIGH","HIGH","HIGH","HIGH","LOW","LOW","LOW","LOW","LOW","HIGH"
"98","AVG","HIGH","LOW","LOW","LOW","LOW","AVG","AVG","AVG","LOW","LOW"
"99","AVG","AVG","AVG","AVG","AVG","LOW","AVG","AVG","HIGH","LOW","LOW"
"100","LOW","AVG","LOW","LOW","LOW","LOW","HIGH","AVG","AVG","LOW","LOW"
"101","LOW","AVG","AVG","AVG","LOW","LOW","LOW","AVG","AVG","LOW","AVG"
"102","LOW","LOW","LOW","LOW","HIGH","LOW","AVG","LOW","LOW","LOW","HIGH"
"103","LOW","LOW","HIGH","LOW","HIGH","LOW","HIGH","LOW","LOW","LOW","HIGH"
"104","LOW","AVG","LOW","LOW","LOW","LOW","LOW","AVG","AVG","LOW","LOW"
"105","LOW","LOW","LOW","LOW","LOW","LOW","AVG","LOW","LOW","LOW","AVG"
"106","AVG","HIGH","LOW","HIGH","HIGH","AVG","HIGH","LOW","LOW","AVG","HIGH"
"107","LOW","AVG","AVG","LOW","LOW","LOW","HIGH","AVG","HIGH","LOW","LOW"
"108","LOW","AVG","LOW","LOW","HIGH","HIGH","HIGH","HIGH","LOW","HIGH","LOW"
"109","HIGH","HIGH","AVG","HIGH","LOW","LOW","AVG","LOW","LOW","LOW","HIGH"
"110","LOW","AVG","AVG","LOW","LOW","LOW","HIGH","AVG","HIGH","LOW","LOW"
"111","AVG","AVG","LOW","HIGH","HIGH","LOW","AVG","LOW","LOW","LOW","HIGH"
"112","AVG","HIGH","AVG","LOW","LOW","LOW","LOW","AVG","LOW","LOW","AVG"
"113","LOW","AVG","LOW","AVG","LOW","LOW","AVG","AVG","AVG","LOW","AVG"
"114","LOW","HIGH","AVG","LOW","LOW","LOW","HIGH","AVG","HIGH","LOW","LOW"
"115","HIGH","HIGH","LOW","HIGH","LOW","LOW","HIGH","LOW","LOW","LOW","HIGH"
"116","LOW","AVG","LOW","AVG","AVG","LOW","AVG","AVG","AVG","LOW","AVG"
"117","LOW","LOW","AVG","LOW","HIGH","LOW","AVG","LOW","LOW","LOW","AVG"
"118","LOW","LOW","AVG","LOW","HIGH","LOW","LOW","LOW","LOW","LOW","AVG"
"119","AVG","LOW","HIGH","LOW","HIGH","LOW","AVG","LOW","LOW","LOW","AVG"
"120","LOW","AVG","LOW","LOW","LOW","AVG","LOW","AVG","LOW","HIGH","HIGH"
"121","LOW","AVG","LOW","AVG","LOW","HIGH","AVG","AVG","LOW","HIGH","AVG"
"122","LOW","AVG","LOW","LOW","LOW","LOW","HIGH","LOW","AVG","LOW","HIGH"
"123","LOW","LOW","AVG","LOW","HIGH","LOW","AVG","LOW","LOW","LOW","AVG"
"124","AVG","LOW","AVG","LOW","LOW","LOW","AVG","AVG","HIGH","LOW","LOW"
"125","AVG","HIGH","AVG","AVG","AVG","AVG","LOW","AVG","AVG","HIGH","AVG"
"126","HIGH","HIGH","HIGH","HIGH","LOW","LOW","HIGH","LOW","LOW","LOW","HIGH"
"127","HIGH","HIGH","LOW","AVG","LOW","LOW","AVG","LOW","AVG","LOW","AVG"
"128","AVG","HIGH","LOW","LOW","LOW","LOW","AVG","AVG","LOW","LOW","HIGH"
"129","LOW","AVG","LOW","LOW","AVG","HIGH","LOW","HIGH","LOW","HIGH","LOW"
"130","LOW","AVG","LOW","LOW","LOW","AVG","LOW","AVG","AVG","HIGH","LOW"
"131","LOW","AVG","AVG","AVG","LOW","LOW","HIGH","AVG","AVG","LOW","AVG"
"132","HIGH","HIGH","LOW","HIGH","HIGH","LOW","AVG","LOW","LOW","LOW","HIGH"
"133","LOW","AVG","LOW","LOW","AVG","LOW","HIGH","HIGH","LOW","LOW","LOW"
"134","HIGH","HIGH","HIGH","HIGH","HIGH","LOW","HIGH","LOW","LOW","LOW","HIGH"
"135","HIGH","HIGH","HIGH","HIGH","HIGH","LOW","AVG","LOW","LOW","LOW","HIGH"
"136","AVG","HIGH","AVG","LOW","LOW","LOW","AVG","AVG","AVG","LOW","LOW"
"137","AVG","AVG","LOW","LOW","LOW","LOW","HIGH","AVG","AVG","LOW","LOW"
"138","LOW","HIGH","AVG","AVG","AVG","LOW","HIGH","AVG","AVG","LOW","AVG"
"139","LOW","AVG","LOW","AVG","LOW","LOW","HIGH","AVG","LOW","LOW","LOW"
"140","LOW","AVG","AVG","AVG","LOW","AVG","HIGH","AVG","AVG","AVG","LOW"
"141","LOW","AVG","AVG","LOW","LOW","LOW","HIGH","AVG","AVG","LOW","LOW"
"142","AVG","AVG","AVG","AVG","LOW","LOW","AVG","LOW","AVG","LOW","AVG"
"143","LOW","AVG","LOW","AVG","AVG","LOW","HIGH","AVG","AVG","LOW","LOW"
"144","LOW","AVG","AVG","LOW","AVG","LOW","AVG","AVG","AVG","LOW","LOW"
"145","LOW","AVG","LOW","AVG","LOW","LOW","AVG","AVG","AVG","LOW","AVG"
"146","AVG","HIGH","AVG","AVG","AVG","LOW","AVG","AVG","AVG","LOW","AVG"
"147","AVG","HIGH","AVG","LOW","LOW","LOW","HIGH","AVG","LOW","LOW","HIGH"
"148","AVG","AVG","LOW","AVG","LOW","LOW","LOW","AVG","LOW","LOW","AVG"
"149","AVG","HIGH","LOW","LOW","LOW","HIGH","AVG","AVG","LOW","HIGH","HIGH"
"150","AVG","HIGH","LOW","LOW","LOW","LOW","AVG","HIGH","LOW","LOW","LOW"
"151","LOW","AVG","LOW","AVG","LOW","LOW","HIGH","AVG","AVG","AVG","AVG"
"152","LOW","AVG","LOW","LOW","LOW","LOW","AVG","AVG","AVG","LOW","AVG"
"153","HIGH","HIGH","AVG","HIGH","LOW","LOW","LOW","LOW","LOW","AVG","HIGH"
"154","AVG","LOW","LOW","LOW","LOW","AVG","AVG","AVG","AVG","LOW","LOW"
"155","AVG","LOW","LOW","LOW","LOW","LOW","HIGH","AVG","LOW","LOW","LOW"
"156","LOW","LOW","LOW","LOW","LOW","LOW","HIGH","AVG","LOW","AVG","LOW"
"157","LOW","AVG","AVG","AVG","LOW","HIGH","HIGH","AVG","HIGH","HIGH","LOW"
"158","LOW","AVG","AVG","AVG","LOW","LOW","AVG","AVG","LOW","LOW","LOW"
"159","AVG","HIGH","LOW","AVG","LOW","LOW","LOW","AVG","AVG","HIGH","AVG"
"160","LOW","AVG","AVG","LOW","LOW","LOW","AVG","AVG","AVG","LOW","LOW"
"161","LOW","AVG","AVG","AVG","LOW","LOW","AVG","AVG","AVG","AVG","LOW"
"162","LOW","AVG","AVG","LOW","LOW","LOW","HIGH","AVG","HIGH","LOW","LOW"
"163","LOW","AVG","AVG","AVG","LOW","LOW","AVG","AVG","AVG","LOW","AVG"
"164","LOW","AVG","AVG","LOW","LOW","LOW","AVG","AVG","HIGH","LOW","LOW"
"165","LOW","AVG","AVG","AVG","LOW","LOW","AVG","AVG","AVG","HIGH","HIGH"
"166","LOW","AVG","AVG","AVG","LOW","LOW","AVG","AVG","AVG","LOW","LOW"
"167","LOW","AVG","LOW","LOW","LOW","LOW","AVG","HIGH","LOW","LOW","LOW"
"168","LOW","LOW","LOW","LOW","LOW","LOW","HIGH","AVG","AVG","LOW","LOW"
"169","LOW","AVG","LOW","AVG","LOW","LOW","AVG","AVG","AVG","LOW","AVG"
"170","AVG","HIGH","LOW","LOW","LOW","HIGH","HIGH","HIGH","LOW","HIGH","LOW"
"171","LOW","AVG","LOW","LOW","LOW","LOW","HIGH","AVG","AVG","LOW","LOW"
"172","LOW","LOW","AVG","LOW","LOW","LOW","AVG","AVG","HIGH","LOW","LOW"
"173","HIGH","HIGH","LOW","HIGH","HIGH","LOW","AVG","LOW","LOW","LOW","HIGH"
"174","LOW","LOW","AVG","LOW","HIGH","HIGH","HIGH","LOW","LOW","HIGH","HIGH"
"175","LOW","AVG","AVG","LOW","AVG","LOW","AVG","AVG","LOW","LOW","HIGH"
"176","LOW","LOW","AVG","LOW","LOW","LOW","LOW","LOW","LOW","LOW","HIGH"
"177","AVG","HIGH","AVG","LOW","AVG","LOW","AVG","AVG","AVG","LOW","LOW"
"178","AVG","AVG","LOW","LOW","LOW","LOW","AVG","AVG","AVG","LOW","LOW"
"179","HIGH","HIGH","HIGH","HIGH","AVG","HIGH","LOW","LOW","LOW","HIGH","HIGH"
"180","AVG","HIGH","LOW","AVG","AVG","LOW","AVG","AVG","AVG","LOW","AVG"
"181","LOW","AVG","LOW","LOW","LOW","LOW","AVG","AVG","AVG","LOW","LOW"
"182","AVG","HIGH","AVG","LOW","LOW","LOW","LOW","AVG","AVG","LOW","LOW"
"183","LOW","AVG","LOW","LOW","LOW","LOW","AVG","AVG","AVG","LOW","AVG"
"184","LOW","AVG","LOW","LOW","LOW","LOW","AVG","AVG","LOW","LOW","HIGH"
"185","LOW","AVG","LOW","AVG","LOW","AVG","HIGH","AVG","AVG","AVG","AVG"
"186","LOW","AVG","LOW","AVG","LOW","LOW","AVG","AVG","AVG","LOW","AVG"
"187","AVG","HIGH","AVG","AVG","LOW","LOW","HIGH","AVG","HIGH","LOW","AVG"
"188","LOW","AVG","LOW","AVG","LOW","LOW","AVG","AVG","AVG","LOW","HIGH"
"189","LOW","LOW","LOW","LOW","LOW","LOW","HIGH","AVG","LOW","AVG","LOW"
"190","AVG","AVG","LOW","LOW","LOW","AVG","HIGH","AVG","LOW","AVG","AVG"
"191","LOW","AVG","AVG","LOW","LOW","LOW","AVG","AVG","HIGH","LOW","LOW"
"192","LOW","AVG","LOW","LOW","LOW","LOW","LOW","AVG","AVG","LOW","LOW"
"193","LOW","AVG","LOW","LOW","LOW","LOW","HIGH","HIGH","LOW","LOW","LOW"
"194","AVG","AVG","AVG","AVG","LOW","LOW","HIGH","AVG","HIGH","AVG","LOW"
"195","LOW","HIGH","LOW","AVG","LOW","LOW","LOW","AVG","AVG","LOW","AVG"
"196","LOW","AVG","AVG","AVG","LOW","LOW","HIGH","AVG","HIGH","LOW","LOW"
"197","AVG","AVG","AVG","LOW","LOW","LOW","HIGH","AVG","LOW","LOW","LOW"
"198","LOW","LOW","HIGH","LOW","LOW","LOW","AVG","LOW","LOW","LOW","LOW"
"199","LOW","AVG","LOW","LOW","AVG","LOW","LOW","AVG","LOW","LOW","LOW"
"200","AVG","AVG","LOW","AVG","LOW","LOW","LOW","AVG","AVG","LOW","AVG"
"201","LOW","AVG","LOW","LOW","HIGH","LOW","HIGH","HIGH","AVG","LOW","LOW"
"202","LOW","AVG","LOW","LOW","LOW","LOW","HIGH","AVG","AVG","LOW","LOW"
"203","AVG","HIGH","LOW","LOW","HIGH","LOW","LOW","HIGH","LOW","LOW","LOW"
"204","LOW","AVG","AVG","LOW","LOW","LOW","LOW","AVG","LOW","LOW","HIGH"
"205","LOW","AVG","LOW","AVG","LOW","LOW","AVG","AVG","AVG","LOW","AVG"
"206","HIGH","HIGH","HIGH","HIGH","HIGH","LOW","HIGH","LOW","LOW","LOW","HIGH"
"207","LOW","AVG","LOW","AVG","LOW","LOW","AVG","AVG","AVG","LOW","AVG"
"208","LOW","AVG","LOW","LOW","LOW","LOW","HIGH","AVG","AVG","LOW","LOW"
"209","LOW","AVG","LOW","LOW","LOW","HIGH","AVG","AVG","AVG","HIGH","AVG"
"210","LOW","AVG","LOW","LOW","LOW","LOW","HIGH","AVG","LOW","LOW","LOW"
"211","LOW","AVG","LOW","LOW","LOW","LOW","AVG","AVG","LOW","LOW","LOW"
"212","LOW","AVG","LOW","LOW","LOW","LOW","LOW","AVG","AVG","LOW","AVG"
"213","AVG","HIGH","LOW","HIGH","HIGH","LOW","HIGH","LOW","LOW","LOW","HIGH"
"214","LOW","AVG","AVG","LOW","LOW","AVG","AVG","AVG","LOW","HIGH","HIGH"
"215","LOW","AVG","LOW","AVG","LOW","AVG","AVG","AVG","AVG","HIGH","AVG"
"216","LOW","AVG","LOW","AVG","LOW","AVG","AVG","AVG","AVG","LOW","LOW"
"217","LOW","AVG","LOW","LOW","AVG","LOW","LOW","AVG","AVG","LOW","AVG"
"218","AVG","AVG","LOW","HIGH","LOW","AVG","AVG","LOW","LOW","HIGH","HIGH"
"219","LOW","LOW","LOW","LOW","LOW","AVG","HIGH","AVG","AVG","LOW","LOW"
"220","AVG","HIGH","AVG","LOW","LOW","LOW","AVG","AVG","LOW","LOW","LOW"
"221","LOW","LOW","AVG","LOW","LOW","AVG","HIGH","LOW","AVG","LOW","AVG"
"222","HIGH","HIGH","AVG","HIGH","HIGH","LOW","AVG","LOW","LOW","LOW","HIGH"
"223","LOW","AVG","LOW","LOW","AVG","LOW","AVG","AVG","AVG","AVG","LOW"
"224","AVG","HIGH","LOW","AVG","LOW","AVG","HIGH","AVG","AVG","AVG","AVG"
"225","LOW","AVG","LOW","LOW","LOW","LOW","HIGH","AVG","AVG","LOW","LOW"
"226","AVG","AVG","LOW","LOW","LOW","LOW","AVG","AVG","AVG","LOW","LOW"
"227","LOW","AVG","LOW","AVG","LOW","LOW","HIGH","AVG","LOW","LOW","AVG"
"228","HIGH","HIGH","LOW","HIGH","HIGH","LOW","AVG","LOW","LOW","LOW","HIGH"
"229","AVG","AVG","LOW","LOW","LOW","LOW","LOW","AVG","LOW","LOW","LOW"
"230","LOW","AVG","LOW","LOW","AVG","LOW","HIGH","HIGH","LOW","LOW","LOW"
"231","LOW","AVG","LOW","LOW","AVG","LOW","LOW","AVG","AVG","HIGH","LOW"
"232","AVG","AVG","LOW","AVG","AVG","LOW","LOW","AVG","AVG","LOW","AVG"
"233","AVG","LOW","LOW","LOW","LOW","LOW","AVG","AVG","LOW","LOW","AVG"
"234","LOW","AVG","LOW","LOW","LOW","LOW","AVG","HIGH","LOW","AVG","HIGH"
"235","AVG","AVG","AVG","LOW","LOW","AVG","AVG","AVG","LOW","HIGH","AVG"
"236","AVG","HIGH","AVG","LOW","LOW","LOW","LOW","AVG","HIGH","LOW","LOW"
"237","LOW","AVG","AVG","LOW","LOW","LOW","LOW","AVG","AVG","LOW","AVG"
"238","LOW","AVG","LOW","LOW","AVG","LOW","AVG","HIGH","LOW","LOW","LOW"
"239","LOW","LOW","LOW","LOW","LOW","LOW","AVG","LOW","LOW","LOW","AVG"
"240","LOW","AVG","AVG","AVG","AVG","AVG","HIGH","AVG","HIGH","LOW","LOW"
"241","AVG","AVG","LOW","LOW","LOW","LOW","HIGH","AVG","AVG","LOW","AVG"
"242","LOW","AVG","LOW","AVG","LOW","LOW","AVG","AVG","LOW","LOW","LOW"
"243","AVG","HIGH","HIGH","HIGH","HIGH","LOW","AVG","LOW","LOW","HIGH","HIGH"
"244","LOW","AVG","AVG","LOW","LOW","LOW","LOW","AVG","HIGH","LOW","LOW"
"245","LOW","AVG","AVG","LOW","AVG","AVG","LOW","AVG","AVG","HIGH","LOW"
"246","LOW","AVG","AVG","HIGH","LOW","LOW","AVG","AVG","LOW","LOW","AVG"
"247","AVG","AVG","AVG","LOW","LOW","LOW","AVG","AVG","AVG","LOW","LOW"
"248","LOW","AVG","LOW","LOW","LOW","LOW","AVG","AVG","LOW","LOW","LOW"
"249","LOW","AVG","AVG","LOW","LOW","LOW","AVG","AVG","LOW","LOW","AVG"
"250","LOW","AVG","LOW","AVG","LOW","LOW","AVG","AVG","AVG","LOW","AVG"
"251","AVG","HIGH","LOW","AVG","LOW","HIGH","AVG","HIGH","HIGH","HIGH","LOW"
"252","AVG","AVG","LOW","LOW","LOW","LOW","LOW","AVG","LOW","LOW","LOW"
"253","LOW","AVG","AVG","AVG","LOW","LOW","AVG","AVG","HIGH","LOW","LOW"
"254","LOW","AVG","LOW","LOW","LOW","LOW","LOW","AVG","AVG","AVG","LOW"
"255","LOW","HIGH","AVG","AVG","LOW","LOW","HIGH","AVG","AVG","LOW","AVG"
"256","LOW","AVG","AVG","HIGH","LOW","LOW","AVG","AVG","AVG","LOW","HIGH"
"257","LOW","LOW","LOW","AVG","AVG","LOW","HIGH","LOW","AVG","AVG","LOW"
"258","LOW","AVG","LOW","LOW","LOW","LOW","AVG","AVG","LOW","LOW","AVG"
"259","LOW","AVG","LOW","LOW","HIGH","LOW","AVG","HIGH","LOW","LOW","LOW"
"260","LOW","AVG","LOW","LOW","LOW","LOW","HIGH","AVG","AVG","LOW","LOW"
"261","LOW","AVG","AVG","LOW","LOW","LOW","LOW","AVG","HIGH","LOW","LOW"
"262","AVG","AVG","AVG","LOW","LOW","LOW","LOW","AVG","HIGH","LOW","LOW"
"263","LOW","AVG","LOW","LOW","HIGH","AVG","HIGH","HIGH","LOW","LOW","LOW"
"264","AVG","HIGH","LOW","AVG","LOW","LOW","HIGH","HIGH","AVG","LOW","HIGH"
"265","AVG","LOW","LOW","AVG","LOW","LOW","HIGH","AVG","LOW","LOW","AVG"
"266","LOW","LOW","LOW","LOW","LOW","LOW","LOW","HIGH","LOW","LOW","LOW"
"267","AVG","AVG","LOW","AVG","LOW","AVG","AVG","AVG","AVG","LOW","LOW"
"268","AVG","HIGH","AVG","AVG","LOW","LOW","AVG","AVG","AVG","LOW","LOW"
"269","AVG","HIGH","AVG","AVG","LOW","LOW","HIGH","AVG","HIGH","LOW","AVG"
"270","LOW","AVG","LOW","LOW","LOW","LOW","HIGH","AVG","AVG","LOW","LOW"
"271","LOW","AVG","LOW","LOW","LOW","LOW","AVG","AVG","LOW","LOW","AVG"
"272","LOW","AVG","LOW","AVG","LOW","LOW","LOW","AVG","AVG","LOW","AVG"
"273","HIGH","HIGH","LOW","HIGH","HIGH","LOW","AVG","LOW","LOW","LOW","HIGH"
"274","HIGH","HIGH","HIGH","HIGH","HIGH","LOW","AVG","LOW","LOW","LOW","AVG"
"275","AVG","HIGH","AVG","LOW","LOW","LOW","AVG","AVG","AVG","LOW","LOW"
"276","LOW","AVG","LOW","LOW","HIGH","LOW","LOW","HIGH","LOW","LOW","LOW"
"277","LOW","AVG","LOW","AVG","LOW","LOW","HIGH","AVG","AVG","LOW","LOW"
"278","LOW","AVG","LOW","AVG","AVG","LOW","AVG","AVG","AVG","LOW","AVG"
"279","LOW","AVG","LOW","LOW","AVG","LOW","AVG","AVG","AVG","LOW","LOW"
"280","LOW","AVG","AVG","LOW","LOW","LOW","LOW","AVG","HIGH","LOW","LOW"
"281","LOW","AVG","LOW","LOW","LOW","AVG","HIGH","AVG","LOW","LOW","LOW"
"282","LOW","AVG","LOW","AVG","LOW","LOW","HIGH","AVG","AVG","LOW","AVG"
"283","LOW","AVG","LOW","LOW","LOW","LOW","HIGH","AVG","LOW","LOW","LOW"
"284","LOW","AVG","LOW","LOW","LOW","LOW","AVG","AVG","AVG","HIGH","LOW"
"285","AVG","HIGH","LOW","LOW","LOW","LOW","AVG","AVG","AVG","LOW","LOW"
"286","AVG","LOW","LOW","LOW","LOW","LOW","AVG","AVG","LOW","LOW","LOW"
"287","AVG","HIGH","AVG","AVG","LOW","LOW","AVG","AVG","LOW","LOW","AVG"
"288","LOW","AVG","LOW","LOW","LOW","LOW","HIGH","HIGH","LOW","LOW","HIGH"
"289","LOW","AVG","AVG","LOW","LOW","HIGH","AVG","AVG","LOW","HIGH","AVG"
"290","LOW","AVG","AVG","LOW","LOW","LOW","HIGH","AVG","LOW","LOW","LOW"
"291","AVG","HIGH","LOW","LOW","LOW","LOW","HIGH","AVG","AVG","LOW","LOW"
"292","LOW","AVG","AVG","AVG","LOW","LOW","HIGH","AVG","HIGH","AVG","AVG"
"293","LOW","AVG","LOW","AVG","AVG","LOW","AVG","AVG","AVG","LOW","AVG"
"294","HIGH","HIGH","LOW","HIGH","LOW","LOW","AVG","LOW","LOW","LOW","HIGH"
"295","LOW","AVG","AVG","LOW","LOW","LOW","LOW","AVG","AVG","LOW","LOW"
"296","LOW","AVG","LOW","LOW","LOW","LOW","AVG","HIGH","LOW","LOW","LOW"
"297","LOW","AVG","LOW","LOW","LOW","LOW","AVG","HIGH","LOW","LOW","LOW"
"298","LOW","HIGH","AVG","LOW","LOW","LOW","HIGH","AVG","AVG","LOW","LOW"
"299","HIGH","HIGH","AVG","HIGH","HIGH","LOW","LOW","LOW","LOW","LOW","HIGH"
"300","LOW","AVG","LOW","LOW","LOW","LOW","HIGH","AVG","AVG","LOW","LOW"
"301","AVG","HIGH","LOW","LOW","HIGH","AVG","HIGH","HIGH","LOW","AVG","LOW"
"302","LOW","AVG","LOW","LOW","AVG","LOW","AVG","AVG","AVG","LOW","LOW"
"303","AVG","HIGH","HIGH","HIGH","HIGH","LOW","AVG","LOW","LOW","LOW","HIGH"
"304","LOW","AVG","AVG","AVG","LOW","AVG","AVG","AVG","AVG","HIGH","LOW"
"305","AVG","LOW","LOW","LOW","LOW","LOW","LOW","AVG","LOW","LOW","LOW"
"306","HIGH","HIGH","LOW","HIGH","HIGH","LOW","LOW","LOW","LOW","LOW","HIGH"
"307","LOW","AVG","LOW","LOW","LOW","LOW","AVG","AVG","AVG","LOW","LOW"
"308","LOW","AVG","AVG","LOW","AVG","LOW","HIGH","AVG","AVG","LOW","LOW"
"309","HIGH","HIGH","AVG","HIGH","HIGH","LOW","AVG","LOW","LOW","LOW","HIGH"
"310","LOW","LOW","AVG","LOW","LOW","LOW","HIGH","AVG","AVG","LOW","LOW"
"311","AVG","AVG","LOW","AVG","LOW","AVG","LOW","LOW","AVG","HIGH","AVG"
"312","LOW","AVG","AVG","AVG","LOW","LOW","AVG","AVG","AVG","LOW","AVG"
"313","LOW","AVG","AVG","LOW","AVG","LOW","LOW","AVG","HIGH","HIGH","LOW"
"314","AVG","HIGH","AVG","AVG","LOW","LOW","AVG","AVG","AVG","LOW","AVG"
"315","LOW","AVG","AVG","LOW","AVG","LOW","HIGH","AVG","AVG","AVG","LOW"
"316","AVG","LOW","AVG","AVG","LOW","LOW","AVG","AVG","AVG","LOW","AVG"
"317","LOW","LOW","LOW","LOW","LOW","LOW","AVG","HIGH","LOW","LOW","LOW"
"318","LOW","AVG","LOW","LOW","LOW","LOW","LOW","HIGH","LOW","AVG","AVG"
"319","LOW","AVG","AVG","AVG","AVG","AVG","HIGH","AVG","HIGH","AVG","LOW"
"320","LOW","AVG","LOW","LOW","LOW","AVG","LOW","AVG","LOW","HIGH","LOW"
"321","LOW","AVG","AVG","LOW","AVG","AVG","HIGH","AVG","AVG","LOW","LOW"
"322","LOW","AVG","AVG","LOW","AVG","LOW","AVG","AVG","LOW","LOW","LOW"
"323","LOW","LOW","HIGH","LOW","HIGH","LOW","AVG","LOW","LOW","LOW","HIGH"
"324","HIGH","HIGH","LOW","HIGH","LOW","LOW","HIGH","LOW","LOW","LOW","HIGH"
"325","AVG","HIGH","LOW","LOW","LOW","LOW","AVG","AVG","AVG","LOW","LOW"
"326","AVG","HIGH","LOW","HIGH","LOW","LOW","AVG","LOW","LOW","LOW","HIGH"
"327","LOW","AVG","LOW","LOW","LOW","LOW","LOW","AVG","AVG","LOW","AVG"
"328","LOW","LOW","AVG","LOW","LOW","LOW","AVG","AVG","AVG","LOW","LOW"
"329","LOW","HIGH","LOW","LOW","LOW","LOW","AVG","HIGH","LOW","LOW","LOW"
"330","LOW","AVG","LOW","LOW","LOW","LOW","HIGH","HIGH","LOW","AVG","LOW"
"331","AVG","AVG","LOW","AVG","LOW","LOW","LOW","AVG","AVG","LOW","AVG"
"332","LOW","AVG","LOW","AVG","LOW","LOW","HIGH","AVG","AVG","LOW","AVG"
"333","LOW","AVG","LOW","LOW","LOW","LOW","HIGH","AVG","AVG","LOW","LOW"
"334","LOW","AVG","LOW","AVG","LOW","HIGH","AVG","AVG","AVG","HIGH","AVG"
"335","AVG","LOW","AVG","LOW","LOW","LOW","AVG","LOW","AVG","LOW","LOW"
"336","LOW","AVG","AVG","LOW","LOW","LOW","AVG","AVG","AVG","LOW","LOW"
"337","LOW","HIGH","LOW","AVG","LOW","LOW","AVG","AVG","AVG","LOW","AVG"
"338","LOW","AVG","AVG","LOW","LOW","LOW","LOW","AVG","LOW","LOW","LOW"
"339","AVG","HIGH","LOW","AVG","LOW","LOW","HIGH","AVG","AVG","LOW","AVG"
"340","AVG","HIGH","LOW","AVG","LOW","LOW","AVG","AVG","AVG","LOW","AVG"
"341","LOW","LOW","LOW","LOW","AVG","LOW","AVG","AVG","LOW","LOW","LOW"
"342","LOW","AVG","LOW","AVG","AVG","LOW","LOW","AVG","AVG","LOW","LOW"
"343","AVG","HIGH","LOW","AVG","LOW","AVG","HIGH","AVG","LOW","AVG","AVG"
"344","AVG","HIGH","LOW","AVG","LOW","LOW","AVG","AVG","HIGH","LOW","LOW"
"345","LOW","AVG","LOW","LOW","LOW","HIGH","AVG","HIGH","LOW","HIGH","LOW"
"346","AVG","HIGH","LOW","LOW","LOW","LOW","HIGH","AVG","AVG","LOW","AVG"
"347","AVG","HIGH","LOW","LOW","LOW","LOW","AVG","AVG","AVG","LOW","LOW"
"348","LOW","LOW","AVG","LOW","LOW","LOW","AVG","AVG","AVG","LOW","LOW"
"349","LOW","AVG","LOW","LOW","LOW","LOW","AVG","AVG","AVG","LOW","AVG"
"350","LOW","AVG","AVG","LOW","LOW","AVG","HIGH","AVG","LOW","AVG","LOW"
"351","AVG","HIGH","LOW","LOW","LOW","LOW","AVG","HIGH","LOW","LOW","LOW"
"352","LOW","AVG","LOW","LOW","LOW","LOW","AVG","AVG","LOW","LOW","AVG"
"353","LOW","AVG","LOW","AVG","LOW","LOW","AVG","AVG","AVG","LOW","AVG"
"354","HIGH","HIGH","LOW","HIGH","HIGH","LOW","LOW","LOW","LOW","LOW","AVG"
"355","AVG","HIGH","AVG","AVG","LOW","LOW","LOW","AVG","AVG","LOW","AVG"
"356","AVG","AVG","LOW","AVG","LOW","LOW","HIGH","AVG","AVG","LOW","AVG"
"357","LOW","AVG","LOW","AVG","LOW","LOW","HIGH","AVG","LOW","AVG","LOW"
"358","LOW","HIGH","LOW","LOW","LOW","LOW","HIGH","AVG","AVG","LOW","LOW"
"359","LOW","AVG","LOW","LOW","HIGH","LOW","AVG","HIGH","LOW","LOW","LOW"
"360","HIGH","HIGH","AVG","HIGH","HIGH","LOW","AVG","LOW","LOW","LOW","HIGH"
"361","LOW","AVG","LOW","LOW","LOW","LOW","HIGH","AVG","AVG","LOW","LOW"
"362","AVG","AVG","LOW","LOW","LOW","LOW","AVG","AVG","LOW","LOW","HIGH"
"363","LOW","AVG","LOW","AVG","LOW","LOW","LOW","AVG","AVG","LOW","AVG"
"364","AVG","AVG","AVG","LOW","AVG","LOW","AVG","AVG","HIGH","LOW","AVG"
"365","LOW","HIGH","AVG","LOW","LOW","LOW","LOW","AVG","LOW","LOW","AVG"
"366","LOW","AVG","AVG","AVG","LOW","LOW","LOW","AVG","LOW","LOW","AVG"
"367","LOW","AVG","AVG","AVG","LOW","LOW","HIGH","AVG","LOW","LOW","HIGH"
"368","LOW","AVG","AVG","LOW","LOW","LOW","AVG","AVG","AVG","LOW","LOW"
"369","AVG","AVG","AVG","LOW","LOW","LOW","AVG","AVG","AVG","LOW","LOW"
"370","AVG","HIGH","LOW","LOW","LOW","AVG","LOW","AVG","AVG","HIGH","LOW"
"371","LOW","LOW","LOW","LOW","LOW","LOW","AVG","HIGH","LOW","LOW","LOW"
"372","LOW","AVG","AVG","LOW","LOW","LOW","AVG","AVG","HIGH","LOW","LOW"
"373","LOW","LOW","AVG","AVG","LOW","LOW","AVG","AVG","AVG","LOW","LOW"
"374","LOW","AVG","AVG","AVG","AVG","LOW","AVG","AVG","AVG","LOW","AVG"
"375","LOW","AVG","LOW","AVG","LOW","LOW","LOW","AVG","AVG","LOW","AVG"
"376","LOW","AVG","AVG","LOW","LOW","LOW","HIGH","AVG","HIGH","LOW","LOW"
"377","AVG","LOW","AVG","LOW","LOW","LOW","AVG","LOW","LOW","LOW","LOW"
"378","LOW","AVG","LOW","LOW","LOW","LOW","HIGH","HIGH","LOW","LOW","LOW"
"379","LOW","AVG","LOW","LOW","LOW","LOW","HIGH","AVG","AVG","LOW","LOW"
"380","LOW","AVG","LOW","AVG","LOW","LOW","HIGH","AVG","AVG","LOW","AVG"
"381","LOW","LOW","LOW","LOW","LOW","LOW","AVG","HIGH","LOW","LOW","LOW"
"382","LOW","AVG","LOW","LOW","LOW","LOW","LOW","HIGH","LOW","LOW","LOW"
"383","AVG","AVG","AVG","AVG","LOW","AVG","HIGH","AVG","AVG","LOW","AVG"
"384","LOW","AVG","AVG","LOW","LOW","AVG","HIGH","AVG","AVG","AVG","LOW"
"385","LOW","LOW","LOW","LOW","LOW","LOW","AVG","LOW","LOW","LOW","HIGH"
"386","LOW","AVG","AVG","AVG","LOW","LOW","LOW","AVG","AVG","LOW","AVG"
"387","LOW","AVG","AVG","LOW","AVG","LOW","HIGH","AVG","LOW","LOW","LOW"
"388","AVG","HIGH","AVG","LOW","AVG","LOW","LOW","AVG","HIGH","LOW","LOW"
"389","LOW","AVG","LOW","LOW","LOW","LOW","LOW","AVG","AVG","LOW","HIGH"
"390","HIGH","HIGH","HIGH","HIGH","HIGH","LOW","HIGH","LOW","LOW","AVG","HIGH"
"391","LOW","AVG","AVG","AVG","LOW","LOW","AVG","AVG","AVG","LOW","LOW"
"392","LOW","AVG","LOW","LOW","LOW","LOW","AVG","HIGH","LOW","LOW","AVG"
"393","AVG","AVG","AVG","LOW","LOW","LOW","AVG","LOW","LOW","LOW","HIGH"
"394","AVG","HIGH","LOW","AVG","AVG","LOW","AVG","AVG","AVG","LOW","AVG"
"395","AVG","HIGH","AVG","AVG","LOW","LOW","HIGH","AVG","LOW","AVG","AVG"
"396","LOW","AVG","LOW","AVG","LOW","LOW","HIGH","AVG","AVG","LOW","AVG"
"397","LOW","AVG","AVG","AVG","LOW","LOW","AVG","AVG","LOW","LOW","LOW"
"398","AVG","AVG","AVG","AVG","LOW","LOW","LOW","AVG","AVG","LOW","AVG"
"399","LOW","AVG","LOW","LOW","AVG","LOW","HIGH","HIGH","LOW","LOW","LOW"
"400","LOW","AVG","LOW","AVG","LOW","LOW","HIGH","AVG","AVG","LOW","LOW"
"401","LOW","AVG","LOW","LOW","AVG","HIGH","AVG","HIGH","LOW","HIGH","LOW"
"402","AVG","HIGH","AVG","AVG","LOW","LOW","AVG","AVG","AVG","AVG","LOW"
"403","AVG","AVG","AVG","AVG","LOW","AVG","AVG","AVG","LOW","HIGH","LOW"
"404","LOW","AVG","AVG","LOW","LOW","LOW","HIGH","AVG","AVG","LOW","AVG"
"405","LOW","AVG","LOW","AVG","LOW","LOW","HIGH","AVG","AVG","LOW","LOW"
"406","LOW","AVG","AVG","LOW","LOW","LOW","AVG","AVG","AVG","LOW","LOW"
"407","LOW","AVG","LOW","AVG","LOW","LOW","LOW","AVG","AVG","LOW","AVG"
"408","LOW","AVG","LOW","LOW","LOW","LOW","AVG","AVG","AVG","LOW","LOW"
"409","LOW","AVG","AVG","LOW","LOW","LOW","HIGH","AVG","AVG","LOW","LOW"
"410","AVG","HIGH","LOW","LOW","LOW","AVG","LOW","AVG","LOW","HIGH","HIGH"
"411","LOW","HIGH","AVG","LOW","LOW","LOW","HIGH","AVG","LOW","LOW","LOW"
"412","LOW","AVG","LOW","LOW","LOW","LOW","AVG","HIGH","LOW","LOW","LOW"
"413","LOW","AVG","LOW","LOW","LOW","AVG","HIGH","HIGH","LOW","AVG","LOW"
"414","LOW","AVG","AVG","LOW","LOW","LOW","HIGH","AVG","AVG","LOW","LOW"
"415","LOW","AVG","LOW","LOW","HIGH","LOW","AVG","HIGH","AVG","LOW","LOW"
"416","AVG","AVG","LOW","AVG","LOW","LOW","AVG","AVG","AVG","LOW","AVG"
"417","HIGH","HIGH","HIGH","HIGH","LOW","LOW","AVG","LOW","LOW","LOW","AVG"
"418","AVG","LOW","AVG","AVG","LOW","LOW","LOW","AVG","LOW","LOW","LOW"
"419","AVG","AVG","AVG","HIGH","LOW","LOW","AVG","AVG","AVG","LOW","AVG"
"420","AVG","AVG","AVG","LOW","LOW","LOW","HIGH","AVG","AVG","LOW","LOW"
"421","HIGH","HIGH","HIGH","HIGH","LOW","LOW","AVG","LOW","LOW","LOW","HIGH"
"422","LOW","AVG","HIGH","LOW","HIGH","AVG","LOW","LOW","LOW","HIGH","HIGH"
"423","AVG","HIGH","AVG","LOW","AVG","LOW","HIGH","AVG","AVG","LOW","AVG"
"424","AVG","HIGH","LOW","LOW","LOW","LOW","HIGH","HIGH","LOW","LOW","LOW"
"425","AVG","AVG","LOW","LOW","LOW","LOW","LOW","AVG","LOW","LOW","LOW"
"426","AVG","HIGH","AVG","LOW","LOW","LOW","AVG","AVG","HIGH","LOW","LOW"
"427","AVG","AVG","LOW","AVG","LOW","LOW","LOW","LOW","AVG","LOW","AVG"
"428","AVG","HIGH","LOW","AVG","AVG","LOW","HIGH","AVG","AVG","LOW","AVG"
"429","LOW","AVG","AVG","LOW","LOW","LOW","AVG","AVG","HIGH","LOW","LOW"
"430","LOW","AVG","AVG","AVG","LOW","LOW","HIGH","AVG","LOW","LOW","AVG"
"431","LOW","AVG","LOW","LOW","LOW","LOW","HIGH","AVG","AVG","LOW","LOW"
"432","LOW","AVG","AVG","AVG","AVG","LOW","AVG","AVG","AVG","LOW","AVG"
"433","AVG","HIGH","LOW","LOW","LOW","AVG","LOW","AVG","LOW","HIGH","AVG"
"434","HIGH","HIGH","HIGH","HIGH","HIGH","LOW","AVG","LOW","LOW","LOW","HIGH"
"435","LOW","AVG","AVG","AVG","LOW","LOW","LOW","AVG","HIGH","LOW","LOW"
"436","LOW","LOW","LOW","LOW","LOW","AVG","LOW","AVG","LOW","HIGH","HIGH"
"437","LOW","AVG","AVG","AVG","LOW","AVG","LOW","AVG","AVG","HIGH","LOW"
"438","LOW","LOW","HIGH","LOW","HIGH","LOW","AVG","LOW","LOW","LOW","LOW"
"439","LOW","AVG","LOW","LOW","LOW","HIGH","HIGH","HIGH","LOW","HIGH","LOW"
"440","LOW","AVG","LOW","LOW","LOW","LOW","AVG","AVG","AVG","LOW","LOW"
"441","LOW","AVG","HIGH","HIGH","LOW","LOW","HIGH","LOW","LOW","LOW","HIGH"
"442","LOW","AVG","LOW","LOW","LOW","LOW","HIGH","AVG","AVG","AVG","LOW"
"443","LOW","AVG","LOW","LOW","LOW","LOW","LOW","HIGH","LOW","LOW","LOW"
"444","AVG","AVG","AVG","LOW","LOW","LOW","LOW","AVG","HIGH","LOW","LOW"
"445","LOW","AVG","AVG","AVG","LOW","LOW","LOW","AVG","AVG","LOW","AVG"
"446","AVG","HIGH","AVG","HIGH","LOW","LOW","LOW","LOW","LOW","LOW","HIGH"
"447","LOW","AVG","LOW","LOW","LOW","LOW","HIGH","AVG","AVG","LOW","LOW"
"448","LOW","AVG","LOW","LOW","LOW","LOW","HIGH","HIGH","LOW","LOW","LOW"
"449","LOW","AVG","AVG","LOW","LOW","LOW","LOW","AVG","AVG","LOW","LOW"
"450","LOW","AVG","AVG","LOW","LOW","LOW","AVG","AVG","HIGH","LOW","LOW"
"451","LOW","AVG","LOW","LOW","LOW","AVG","HIGH","AVG","AVG","LOW","LOW"
"452","AVG","AVG","LOW","AVG","AVG","LOW","AVG","AVG","AVG","LOW","AVG"
"453","AVG","AVG","LOW","LOW","LOW","LOW","LOW","AVG","AVG","LOW","LOW"
"454","AVG","AVG","AVG","LOW","LOW","LOW","AVG","AVG","AVG","LOW","LOW"
"455","AVG","AVG","LOW","AVG","LOW","LOW","HIGH","AVG","LOW","LOW","AVG"
"456","LOW","AVG","LOW","AVG","LOW","AVG","LOW","AVG","AVG","HIGH","LOW"
"457","AVG","HIGH","LOW","AVG","HIGH","LOW","LOW","HIGH","AVG","LOW","AVG"
"458","LOW","AVG","AVG","AVG","LOW","LOW","AVG","AVG","AVG","LOW","LOW"
"459","AVG","LOW","AVG","LOW","AVG","LOW","LOW","LOW","LOW","LOW","HIGH"
"460","LOW","AVG","AVG","LOW","LOW","LOW","LOW","AVG","HIGH","LOW","LOW"
"461","LOW","AVG","AVG","LOW","AVG","AVG","HIGH","AVG","AVG","AVG","LOW"
"462","LOW","AVG","AVG","AVG","LOW","LOW","HIGH","AVG","LOW","LOW","AVG"
"463","LOW","AVG","LOW","AVG","LOW","LOW","HIGH","AVG","AVG","LOW","LOW"
"464","AVG","AVG","LOW","AVG","LOW","LOW","HIGH","LOW","LOW","LOW","AVG"
"465","LOW","AVG","AVG","LOW","LOW","LOW","HIGH","AVG","AVG","LOW","LOW"
"466","AVG","AVG","AVG","LOW","HIGH","LOW","HIGH","LOW","LOW","LOW","HIGH"
"467","AVG","AVG","LOW","AVG","LOW","LOW","HIGH","AVG","LOW","LOW","AVG"
"468","LOW","AVG","LOW","HIGH","LOW","LOW","HIGH","AVG","AVG","LOW","AVG"
"469","AVG","HIGH","AVG","AVG","LOW","LOW","HIGH","AVG","AVG","LOW","AVG"
"470","LOW","AVG","LOW","LOW","LOW","LOW","AVG","AVG","LOW","LOW","HIGH"
"471","LOW","AVG","AVG","LOW","LOW","LOW","LOW","AVG","AVG","LOW","AVG"
"472","LOW","LOW","LOW","AVG","AVG","LOW","AVG","AVG","AVG","LOW","AVG"
"473","HIGH","HIGH","HIGH","HIGH","LOW","AVG","LOW","LOW","LOW","HIGH","AVG"
"474","LOW","AVG","AVG","LOW","LOW","LOW","AVG","AVG","LOW","LOW","AVG"
"475","AVG","AVG","LOW","LOW","LOW","LOW","AVG","AVG","AVG","LOW","LOW"
"476","AVG","HIGH","LOW","AVG","LOW","LOW","LOW","AVG","AVG","LOW","LOW"
"477","LOW","LOW","LOW","LOW","LOW","LOW","HIGH","HIGH","LOW","LOW","LOW"
"478","LOW","AVG","LOW","AVG","LOW","LOW","HIGH","AVG","AVG","LOW","LOW"
"479","LOW","AVG","LOW","LOW","LOW","LOW","AVG","AVG","AVG","LOW","LOW"
"480","LOW","AVG","LOW","LOW","LOW","LOW","AVG","AVG","LOW","LOW","AVG"
"481","LOW","AVG","LOW","LOW","LOW","LOW","AVG","HIGH","LOW","AVG","AVG"
"482","AVG","AVG","AVG","LOW","LOW","LOW","LOW","AVG","AVG","HIGH","AVG"
"483","LOW","LOW","AVG","LOW","LOW","HIGH","LOW","AVG","HIGH","HIGH","LOW"
"484","LOW","AVG","LOW","LOW","LOW","LOW","AVG","AVG","AVG","LOW","AVG"
"485","AVG","AVG","LOW","AVG","LOW","HIGH","LOW","AVG","AVG","HIGH","LOW"
"486","AVG","HIGH","AVG","AVG","LOW","AVG","LOW","AVG","LOW","HIGH","AVG"
"487","LOW","AVG","AVG","LOW","LOW","LOW","LOW","AVG","AVG","LOW","AVG"
"488","AVG","LOW","AVG","LOW","LOW","LOW","LOW","AVG","LOW","LOW","LOW"
"489","LOW","AVG","AVG","LOW","LOW","LOW","AVG","HIGH","LOW","LOW","LOW"
"490","LOW","AVG","LOW","AVG","AVG","AVG","LOW","AVG","AVG","HIGH","HIGH"
"491","AVG","HIGH","LOW","LOW","LOW","LOW","HIGH","HIGH","LOW","AVG","LOW"
"492","AVG","HIGH","LOW","LOW","LOW","LOW","AVG","AVG","AVG","LOW","LOW"
"493","LOW","AVG","AVG","AVG","LOW","LOW","HIGH","AVG","AVG","LOW","AVG"
"494","AVG","HIGH","LOW","AVG","AVG","LOW","AVG","AVG","AVG","LOW","AVG"
"495","LOW","AVG","LOW","LOW","HIGH","LOW","AVG","HIGH","LOW","LOW","AVG"
"496","LOW","AVG","LOW","LOW","LOW","LOW","HIGH","HIGH","LOW","LOW","LOW"
"497","LOW","AVG","AVG","LOW","LOW","LOW","HIGH","AVG","AVG","LOW","LOW"
"498","AVG","HIGH","AVG","AVG","LOW","AVG","LOW","AVG","AVG","HIGH","AVG"
"499","LOW","AVG","LOW","LOW","LOW","LOW","AVG","AVG","AVG","LOW","LOW"
"500","LOW","AVG","LOW","AVG","LOW","LOW","HIGH","AVG","HIGH","LOW","AVG"
"501","LOW","AVG","LOW","AVG","LOW","AVG","LOW","AVG","AVG","HIGH","LOW"
"502","AVG","LOW","AVG","LOW","LOW","LOW","HIGH","AVG","AVG","AVG","LOW"
"503","LOW","AVG","AVG","LOW","LOW","LOW","HIGH","AVG","HIGH","LOW","LOW"
"504","LOW","AVG","LOW","LOW","HIGH","LOW","AVG","HIGH","LOW","LOW","LOW"
"505","LOW","AVG","HIGH","LOW","HIGH","LOW","LOW","LOW","LOW","HIGH","HIGH"
"506","LOW","LOW","LOW","LOW","LOW","HIGH","LOW","LOW","AVG","HIGH","HIGH"
"507","AVG","HIGH","LOW","LOW","LOW","LOW","AVG","AVG","LOW","LOW","LOW"
"508","LOW","AVG","LOW","AVG","LOW","LOW","HIGH","AVG","LOW","LOW","LOW"
"509","AVG","AVG","LOW","AVG","AVG","AVG","LOW","AVG","LOW","HIGH","LOW"
"510","AVG","LOW","AVG","LOW","AVG","LOW","LOW","LOW","LOW","LOW","HIGH"
"511","AVG","AVG","LOW","AVG","AVG","LOW","LOW","AVG","AVG","AVG","AVG"
"512","LOW","LOW","LOW","LOW","LOW","LOW","HIGH","LOW","AVG","LOW","LOW"
"513","LOW","AVG","LOW","LOW","LOW","LOW","HIGH","HIGH","LOW","LOW","LOW"
"514","LOW","AVG","AVG","LOW","AVG","LOW","AVG","AVG","AVG","LOW","AVG"
"515","LOW","AVG","LOW","LOW","LOW","LOW","HIGH","HIGH","LOW","LOW","AVG"
"516","AVG","HIGH","LOW","AVG","LOW","LOW","AVG","AVG","AVG","LOW","AVG"
"517","LOW","AVG","AVG","AVG","LOW","LOW","HIGH","AVG","LOW","LOW","LOW"
"518","HIGH","HIGH","LOW","HIGH","HIGH","LOW","AVG","LOW","LOW","LOW","HIGH"
"519","LOW","AVG","AVG","LOW","AVG","LOW","LOW","AVG","AVG","LOW","LOW"
"520","LOW","AVG","AVG","AVG","AVG","LOW","AVG","AVG","AVG","LOW","AVG"
"521","LOW","AVG","AVG","LOW","LOW","LOW","LOW","AVG","AVG","LOW","AVG"
"522","LOW","AVG","LOW","AVG","LOW","LOW","AVG","AVG","AVG","LOW","HIGH"
"523","AVG","AVG","HIGH","HIGH","HIGH","LOW","AVG","LOW","LOW","AVG","HIGH"
"524","LOW","AVG","LOW","LOW","LOW","LOW","LOW","AVG","AVG","LOW","AVG"
"525","AVG","HIGH","LOW","LOW","LOW","LOW","AVG","AVG","AVG","LOW","LOW"
"526","AVG","HIGH","LOW","AVG","LOW","LOW","LOW","AVG","AVG","LOW","AVG"
"527","LOW","LOW","AVG","LOW","AVG","LOW","HIGH","AVG","AVG","LOW","LOW"
"528","HIGH","HIGH","LOW","AVG","AVG","LOW","HIGH","LOW","AVG","LOW","LOW"
"529","LOW","LOW","LOW","LOW","LOW","LOW","HIGH","HIGH","LOW","LOW","LOW"
"530","LOW","LOW","LOW","LOW","LOW","LOW","LOW","AVG","AVG","LOW","LOW"
"531","AVG","HIGH","LOW","LOW","LOW","LOW","AVG","AVG","LOW","LOW","AVG"
"532","LOW","AVG","LOW","AVG","LOW","LOW","HIGH","AVG","AVG","LOW","AVG"
"533","LOW","AVG","LOW","AVG","LOW","LOW","HIGH","AVG","AVG","LOW","AVG"
"534","AVG","HIGH","LOW","LOW","LOW","LOW","AVG","HIGH","LOW","LOW","LOW"
"535","LOW","AVG","LOW","LOW","LOW","AVG","HIGH","AVG","AVG","AVG","LOW"
"536","LOW","AVG","AVG","LOW","AVG","LOW","AVG","AVG","AVG","AVG","LOW"
"537","LOW","AVG","LOW","LOW","LOW","LOW","AVG","AVG","AVG","LOW","LOW"
"538","LOW","AVG","LOW","AVG","LOW","LOW","AVG","AVG","AVG","LOW","LOW"
"539","AVG","HIGH","AVG","AVG","LOW","LOW","LOW","AVG","LOW","HIGH","AVG"
"540","HIGH","HIGH","LOW","HIGH","HIGH","HIGH","HIGH","LOW","LOW","AVG","HIGH"
"541","AVG","HIGH","LOW","LOW","LOW","LOW","AVG","AVG","AVG","LOW","LOW"
"542","LOW","AVG","LOW","LOW","LOW","LOW","HIGH","AVG","AVG","LOW","LOW"
"543","LOW","AVG","AVG","LOW","AVG","LOW","HIGH","AVG","AVG","LOW","LOW"
"544","HIGH","HIGH","HIGH","HIGH","HIGH","LOW","AVG","LOW","LOW","LOW","HIGH"
"545","LOW","AVG","LOW","LOW","LOW","LOW","HIGH","AVG","AVG","LOW","LOW"
"546","LOW","AVG","AVG","AVG","LOW","LOW","HIGH","AVG","AVG","LOW","LOW"
"547","LOW","AVG","LOW","LOW","LOW","LOW","HIGH","AVG","LOW","LOW","HIGH"
"548","LOW","HIGH","AVG","LOW","LOW","LOW","AVG","AVG","AVG","LOW","LOW"
"549","LOW","AVG","AVG","LOW","LOW","LOW","LOW","AVG","AVG","LOW","LOW"
"550","LOW","AVG","AVG","LOW","LOW","LOW","AVG","AVG","LOW","LOW","LOW"
"551","AVG","AVG","LOW","AVG","LOW","LOW","HIGH","AVG","LOW","LOW","AVG"
"552","LOW","AVG","LOW","LOW","LOW","LOW","AVG","HIGH","LOW","LOW","LOW"
"553","AVG","HIGH","LOW","LOW","HIGH","LOW","LOW","HIGH","LOW","LOW","LOW"
"554","LOW","AVG","LOW","LOW","LOW","LOW","AVG","HIGH","LOW","LOW","LOW"
"555","AVG","AVG","HIGH","LOW","HIGH","LOW","LOW","LOW","LOW","LOW","HIGH"
"556","LOW","AVG","AVG","LOW","AVG","LOW","AVG","AVG","AVG","LOW","AVG"
"557","AVG","HIGH","AVG","AVG","LOW","LOW","AVG","AVG","AVG","LOW","AVG"
"558","LOW","AVG","LOW","LOW","LOW","LOW","LOW","HIGH","LOW","AVG","LOW"
"559","LOW","AVG","AVG","LOW","LOW","AVG","HIGH","AVG","LOW","AVG","AVG"
"560","LOW","AVG","LOW","LOW","LOW","LOW","AVG","AVG","AVG","LOW","AVG"
"561","LOW","LOW","AVG","LOW","LOW","LOW","HIGH","AVG","AVG","AVG","LOW"
"562","LOW","AVG","AVG","AVG","LOW","LOW","LOW","AVG","LOW","LOW","LOW"
"563","AVG","HIGH","LOW","LOW","AVG","LOW","AVG","AVG","AVG","LOW","LOW"
"564","HIGH","HIGH","HIGH","HIGH","HIGH","LOW","LOW","LOW","LOW","LOW","HIGH"
"565","HIGH","HIGH","HIGH","HIGH","LOW","LOW","LOW","LOW","LOW","LOW","AVG"
"566","LOW","AVG","LOW","AVG","AVG","HIGH","AVG","AVG","AVG","HIGH","AVG"
"567","LOW","AVG","LOW","LOW","LOW","LOW","HIGH","AVG","LOW","LOW","LOW"
"568","AVG","LOW","AVG","LOW","LOW","LOW","HIGH","AVG","HIGH","LOW","LOW"
"569","LOW","AVG","LOW","AVG","LOW","LOW","HIGH","AVG","AVG","AVG","AVG"
"570","LOW","LOW","HIGH","LOW","LOW","LOW","HIGH","LOW","LOW","AVG","LOW"
"571","LOW","AVG","LOW","AVG","AVG","LOW","HIGH","AVG","AVG","LOW","AVG"
"572","LOW","AVG","LOW","LOW","LOW","LOW","HIGH","AVG","AVG","LOW","LOW"
"573","AVG","LOW","HIGH","LOW","HIGH","HIGH","AVG","LOW","LOW","HIGH","HIGH"
"574","AVG","HIGH","AVG","LOW","LOW","LOW","HIGH","AVG","AVG","LOW","LOW"
"575","LOW","AVG","LOW","AVG","LOW","LOW","AVG","AVG","LOW","LOW","AVG"
"576","AVG","LOW","HIGH","LOW","HIGH","LOW","AVG","LOW","LOW","LOW","AVG"
"577","LOW","AVG","AVG","LOW","LOW","LOW","AVG","AVG","AVG","LOW","LOW"
"578","LOW","AVG","LOW","LOW","LOW","LOW","AVG","HIGH","LOW","LOW","LOW"
"579","LOW","AVG","LOW","LOW","LOW","LOW","HIGH","AVG","AVG","LOW","LOW"
"580","LOW","AVG","LOW","LOW","LOW","LOW","HIGH","HIGH","LOW","LOW","LOW"
"581","LOW","HIGH","LOW","LOW","LOW","LOW","LOW","AVG","AVG","LOW","LOW"
"582","LOW","AVG","LOW","LOW","LOW","LOW","HIGH","AVG","AVG","LOW","LOW"
"583","HIGH","HIGH","AVG","HIGH","HIGH","LOW","HIGH","LOW","LOW","AVG","HIGH"
"584","AVG","AVG","AVG","AVG","LOW","LOW","HIGH","AVG","LOW","LOW","LOW"
"585","AVG","HIGH","LOW","LOW","AVG","LOW","HIGH","AVG","AVG","LOW","LOW"
"586","AVG","AVG","LOW","LOW","AVG","LOW","AVG","AVG","AVG","LOW","LOW"
"587","LOW","LOW","LOW","LOW","AVG","LOW","AVG","LOW","AVG","LOW","LOW"
"588","AVG","AVG","LOW","LOW","LOW","LOW","LOW","AVG","LOW","LOW","HIGH"
"589","LOW","AVG","AVG","LOW","LOW","LOW","AVG","AVG","HIGH","LOW","LOW"
"590","AVG","HIGH","AVG","AVG","LOW","LOW","LOW","AVG","HIGH","LOW","AVG"
"591","LOW","LOW","LOW","AVG","LOW","LOW","AVG","LOW","AVG","LOW","AVG"
"592","AVG","HIGH","LOW","AVG","LOW","LOW","LOW","AVG","AVG","LOW","LOW"
"593","LOW","AVG","LOW","AVG","AVG","LOW","HIGH","AVG","AVG","LOW","LOW"
"594","LOW","AVG","LOW","LOW","LOW","LOW","HIGH","AVG","LOW","LOW","HIGH"
"595","AVG","HIGH","LOW","LOW","LOW","LOW","AVG","AVG","AVG","LOW","AVG"
"596","LOW","AVG","LOW","LOW","LOW","AVG","AVG","HIGH","LOW","AVG","LOW"
"597","AVG","LOW","AVG","LOW","LOW","LOW","AVG","AVG","AVG","LOW","LOW"
"598","AVG","HIGH","AVG","AVG","LOW","AVG","HIGH","AVG","AVG","AVG","AVG"
"599","LOW","AVG","LOW","LOW","LOW","LOW","AVG","HIGH","LOW","LOW","LOW"
"600","LOW","LOW","LOW","LOW","AVG","LOW","HIGH","LOW","LOW","LOW","LOW"
"601","LOW","LOW","LOW","LOW","LOW","LOW","AVG","AVG","AVG","LOW","LOW"
"602","LOW","AVG","LOW","AVG","LOW","LOW","AVG","AVG","AVG","AVG","AVG"
"603","LOW","AVG","AVG","LOW","AVG","LOW","HIGH","AVG","AVG","LOW","LOW"
"604","AVG","HIGH","AVG","LOW","AVG","LOW","HIGH","AVG","AVG","LOW","LOW"
"605","LOW","AVG","LOW","LOW","LOW","HIGH","AVG","HIGH","LOW","HIGH","LOW"
"606","AVG","AVG","LOW","AVG","AVG","LOW","HIGH","AVG","AVG","LOW","AVG"
"607","LOW","AVG","AVG","LOW","LOW","LOW","HIGH","AVG","LOW","LOW","LOW"
"608","AVG","AVG","LOW","LOW","LOW","AVG","HIGH","AVG","AVG","AVG","LOW"
"609","LOW","AVG","LOW","LOW","LOW","LOW","AVG","AVG","LOW","LOW","HIGH"
"610","AVG","AVG","LOW","AVG","LOW","LOW","HIGH","AVG","LOW","LOW","AVG"
"611","AVG","HIGH","LOW","AVG","AVG","LOW","AVG","AVG","AVG","LOW","LOW"
"612","AVG","LOW","LOW","LOW","LOW","LOW","LOW","AVG","AVG","LOW","LOW"
"613","HIGH","HIGH","HIGH","HIGH","HIGH","HIGH","HIGH","LOW","LOW","AVG","HIGH"
"614","AVG","AVG","AVG","AVG","LOW","LOW","HIGH","AVG","AVG","LOW","AVG"
"615","LOW","AVG","AVG","AVG","LOW","LOW","HIGH","AVG","HIGH","LOW","LOW"
"616","AVG","LOW","AVG","LOW","LOW","HIGH","HIGH","AVG","LOW","HIGH","HIGH"
"617","LOW","AVG","LOW","LOW","AVG","LOW","AVG","AVG","AVG","LOW","LOW"
"618","LOW","AVG","LOW","HIGH","LOW","LOW","AVG","AVG","AVG","LOW","HIGH"
"619","LOW","AVG","LOW","LOW","LOW","LOW","AVG","AVG","AVG","LOW","AVG"
"620","AVG","AVG","LOW","LOW","LOW","LOW","LOW","AVG","AVG","LOW","LOW"
"621","LOW","LOW","AVG","AVG","LOW","LOW","AVG","AVG","LOW","LOW","HIGH"
"622","LOW","AVG","AVG","LOW","LOW","LOW","AVG","AVG","AVG","LOW","AVG"
"623","LOW","AVG","LOW","LOW","LOW","LOW","LOW","HIGH","LOW","LOW","LOW"
"624","AVG","HIGH","LOW","LOW","LOW","LOW","LOW","AVG","LOW","LOW","HIGH"
"625","LOW","AVG","LOW","AVG","LOW","LOW","HIGH","AVG","AVG","LOW","AVG"
"626","LOW","AVG","LOW","LOW","LOW","LOW","LOW","AVG","AVG","LOW","LOW"
"627","LOW","AVG","AVG","LOW","LOW","LOW","HIGH","AVG","AVG","AVG","AVG"
"628","LOW","LOW","LOW","LOW","HIGH","LOW","HIGH","LOW","LOW","LOW","HIGH"
"629","LOW","AVG","LOW","AVG","LOW","LOW","HIGH","AVG","LOW","LOW","LOW"
"630","AVG","HIGH","AVG","LOW","LOW","LOW","AVG","AVG","HIGH","LOW","LOW"
"631","LOW","HIGH","AVG","LOW","LOW","LOW","AVG","AVG","HIGH","LOW","LOW"
"632","LOW","LOW","LOW","LOW","LOW","LOW","AVG","AVG","AVG","LOW","LOW"
"633","LOW","LOW","LOW","LOW","LOW","LOW","AVG","HIGH","LOW","LOW","LOW"
"634","AVG","AVG","LOW","LOW","LOW","LOW","LOW","AVG","AVG","LOW","LOW"
"635","AVG","LOW","AVG","LOW","LOW","LOW","LOW","AVG","LOW","AVG","LOW"
"636","AVG","AVG","LOW","LOW","HIGH","LOW","HIGH","LOW","LOW","LOW","LOW"
"637","LOW","AVG","AVG","LOW","LOW","AVG","LOW","AVG","AVG","HIGH","LOW"
"638","LOW","AVG","AVG","LOW","LOW","LOW","AVG","AVG","AVG","LOW","LOW"
"639","LOW","AVG","LOW","LOW","LOW","LOW","HIGH","AVG","AVG","LOW","LOW"
"640","AVG","AVG","LOW","AVG","LOW","LOW","LOW","AVG","AVG","LOW","AVG"
"641","LOW","LOW","HIGH","LOW","HIGH","LOW","LOW","LOW","LOW","LOW","HIGH"
"642","AVG","LOW","HIGH","LOW","HIGH","LOW","AVG","LOW","LOW","LOW","HIGH"
"643","AVG","LOW","LOW","LOW","HIGH","LOW","AVG","LOW","LOW","LOW","LOW"
"644","LOW","AVG","AVG","LOW","LOW","LOW","LOW","AVG","HIGH","LOW","LOW"
"645","AVG","AVG","LOW","LOW","LOW","LOW","HIGH","AVG","AVG","AVG","LOW"
"646","AVG","AVG","AVG","AVG","LOW","AVG","HIGH","AVG","AVG","AVG","LOW"
"647","HIGH","HIGH","HIGH","HIGH","LOW","LOW","AVG","LOW","LOW","LOW","HIGH"
"648","LOW","AVG","AVG","LOW","LOW","LOW","LOW","AVG","LOW","LOW","LOW"
"649","AVG","HIGH","LOW","LOW","LOW","AVG","LOW","AVG","AVG","HIGH","LOW"
"650","HIGH","HIGH","AVG","HIGH","HIGH","LOW","HIGH","LOW","LOW","AVG","AVG"
"651","HIGH","HIGH","AVG","HIGH","HIGH","LOW","HIGH","LOW","LOW","LOW","AVG"
"652","AVG","LOW","LOW","LOW","LOW","LOW","AVG","AVG","AVG","LOW","LOW"
"653","AVG","AVG","LOW","AVG","AVG","LOW","LOW","AVG","AVG","LOW","LOW"
"654","LOW","AVG","AVG","LOW","LOW","LOW","AVG","AVG","HIGH","LOW","LOW"
"655","LOW","AVG","LOW","LOW","LOW","LOW","LOW","AVG","AVG","LOW","AVG"
"656","AVG","HIGH","AVG","LOW","LOW","LOW","AVG","AVG","AVG","LOW","LOW"
"657","LOW","AVG","LOW","LOW","AVG","HIGH","LOW","HIGH","LOW","HIGH","LOW"
"658","LOW","LOW","LOW","LOW","LOW","LOW","HIGH","LOW","LOW","LOW","AVG"
"659","AVG","HIGH","LOW","LOW","LOW","LOW","AVG","HIGH","AVG","LOW","HIGH"
"660","LOW","AVG","AVG","LOW","LOW","AVG","HIGH","AVG","HIGH","LOW","LOW"
"661","LOW","AVG","AVG","LOW","LOW","LOW","AVG","AVG","LOW","LOW","HIGH"
"662","LOW","AVG","AVG","AVG","LOW","LOW","AVG","AVG","LOW","HIGH","AVG"
"663","LOW","LOW","LOW","LOW","LOW","LOW","HIGH","LOW","AVG","LOW","AVG"
"664","LOW","AVG","LOW","LOW","LOW","HIGH","LOW","AVG","AVG","HIGH","AVG"
"665","LOW","AVG","LOW","AVG","LOW","LOW","HIGH","AVG","AVG","LOW","AVG"
"666","LOW","AVG","AVG","LOW","AVG","LOW","HIGH","AVG","HIGH","LOW","LOW"
"667","AVG","HIGH","AVG","LOW","LOW","LOW","HIGH","AVG","LOW","LOW","HIGH"
"668","LOW","AVG","LOW","LOW","LOW","LOW","AVG","AVG","LOW","LOW","LOW"
"669","HIGH","HIGH","HIGH","HIGH","HIGH","LOW","AVG","LOW","LOW","LOW","HIGH"
"670","LOW","AVG","AVG","LOW","LOW","LOW","HIGH","AVG","HIGH","AVG","LOW"
"671","AVG","HIGH","AVG","LOW","LOW","LOW","AVG","AVG","AVG","LOW","LOW"
"672","AVG","HIGH","LOW","HIGH","LOW","AVG","HIGH","LOW","LOW","LOW","HIGH"
"673","AVG","LOW","AVG","LOW","LOW","LOW","LOW","AVG","LOW","LOW","LOW"
"674","LOW","AVG","LOW","LOW","LOW","AVG","HIGH","AVG","AVG","LOW","LOW"
"675","AVG","AVG","LOW","AVG","LOW","LOW","HIGH","AVG","AVG","LOW","AVG"
"676","LOW","AVG","AVG","LOW","LOW","LOW","LOW","AVG","HIGH","LOW","LOW"
"677","LOW","AVG","AVG","LOW","LOW","LOW","AVG","AVG","AVG","LOW","LOW"
"678","LOW","AVG","AVG","LOW","HIGH","LOW","HIGH","HIGH","LOW","LOW","LOW"
"679","AVG","AVG","LOW","AVG","LOW","LOW","LOW","AVG","AVG","LOW","AVG"
"680","LOW","AVG","LOW","LOW","LOW","LOW","HIGH","HIGH","LOW","LOW","AVG"
"681","AVG","AVG","LOW","LOW","LOW","LOW","LOW","AVG","AVG","LOW","AVG"
"682","HIGH","HIGH","HIGH","HIGH","HIGH","LOW","LOW","LOW","LOW","LOW","AVG"
"683","LOW","AVG","AVG","LOW","LOW","LOW","HIGH","AVG","HIGH","AVG","LOW"
"684","AVG","HIGH","LOW","LOW","LOW","LOW","LOW","AVG","LOW","LOW","AVG"
"685","LOW","AVG","AVG","AVG","LOW","LOW","AVG","AVG","LOW","LOW","AVG"
"686","LOW","AVG","AVG","AVG","LOW","AVG","HIGH","AVG","LOW","LOW","AVG"
"687","LOW","AVG","LOW","LOW","LOW","LOW","AVG","AVG","AVG","AVG","LOW"
"688","LOW","AVG","LOW","LOW","LOW","LOW","AVG","AVG","LOW","LOW","LOW"
"689","LOW","AVG","LOW","AVG","LOW","AVG","LOW","AVG","AVG","HIGH","LOW"
"690","LOW","AVG","AVG","LOW","LOW","AVG","HIGH","AVG","AVG","LOW","LOW"
"691","LOW","AVG","LOW","LOW","LOW","LOW","AVG","AVG","AVG","LOW","LOW"
"692","LOW","AVG","LOW","LOW","LOW","AVG","HIGH","AVG","LOW","LOW","LOW"
"693","HIGH","HIGH","LOW","HIGH","HIGH","LOW","LOW","LOW","LOW","LOW","HIGH"
"694","AVG","HIGH","LOW","LOW","LOW","HIGH","HIGH","AVG","AVG","HIGH","LOW"
"695","LOW","AVG","LOW","LOW","LOW","LOW","AVG","AVG","LOW","LOW","LOW"
"696","LOW","AVG","AVG","AVG","LOW","LOW","HIGH","AVG","AVG","LOW","AVG"
"697","AVG","HIGH","AVG","HIGH","LOW","AVG","AVG","LOW","LOW","HIGH","HIGH"
"698","AVG","HIGH","AVG","LOW","LOW","LOW","LOW","AVG","LOW","LOW","LOW"
"699","LOW","LOW","LOW","LOW","LOW","HIGH","HIGH","HIGH","LOW","HIGH","LOW"
"700","LOW","LOW","AVG","AVG","LOW","LOW","HIGH","LOW","AVG","LOW","AVG"
"701","HIGH","HIGH","HIGH","HIGH","HIGH","LOW","HIGH","LOW","LOW","AVG","HIGH"
"702","LOW","AVG","LOW","LOW","LOW","LOW","LOW","AVG","LOW","LOW","LOW"
"703","LOW","AVG","AVG","LOW","LOW","LOW","AVG","AVG","AVG","LOW","LOW"
"704","HIGH","HIGH","LOW","HIGH","HIGH","LOW","AVG","LOW","LOW","LOW","HIGH"
"705","AVG","HIGH","AVG","AVG","LOW","LOW","LOW","AVG","AVG","LOW","AVG"
"706","AVG","LOW","LOW","LOW","LOW","AVG","HIGH","AVG","LOW","AVG","LOW"
"707","AVG","AVG","LOW","LOW","LOW","LOW","AVG","HIGH","LOW","LOW","LOW"
"708","LOW","AVG","LOW","LOW","LOW","LOW","LOW","AVG","AVG","LOW","LOW"
"709","LOW","HIGH","AVG","AVG","LOW","LOW","AVG","AVG","AVG","LOW","LOW"
"710","HIGH","HIGH","HIGH","HIGH","HIGH","HIGH","HIGH","LOW","LOW","HIGH","AVG"
"711","LOW","AVG","AVG","LOW","AVG","LOW","HIGH","AVG","AVG","LOW","LOW"
"712","LOW","LOW","HIGH","LOW","LOW","LOW","AVG","LOW","LOW","LOW","HIGH"
"713","AVG","HIGH","LOW","LOW","LOW","LOW","HIGH","AVG","AVG","LOW","LOW"
"714","LOW","AVG","LOW","LOW","LOW","LOW","HIGH","HIGH","LOW","LOW","LOW"
"715","LOW","AVG","LOW","LOW","AVG","LOW","HIGH","HIGH","LOW","LOW","LOW"
"716","LOW","AVG","LOW","AVG","LOW","LOW","LOW","AVG","AVG","LOW","AVG"
"717","AVG","LOW","AVG","LOW","AVG","LOW","HIGH","AVG","HIGH","LOW","LOW"
"718","AVG","AVG","AVG","LOW","LOW","LOW","LOW","HIGH","AVG","LOW","LOW"
"719","LOW","AVG","AVG","AVG","LOW","LOW","HIGH","AVG","AVG","LOW","AVG"
"720","AVG","AVG","HIGH","AVG","LOW","LOW","AVG","LOW","LOW","LOW","LOW"
"721","HIGH","HIGH","HIGH","HIGH","LOW","LOW","AVG","LOW","LOW","LOW","HIGH"
"722","HIGH","HIGH","HIGH","HIGH","HIGH","LOW","AVG","LOW","LOW","LOW","HIGH"
"723","LOW","HIGH","AVG","AVG","AVG","LOW","HIGH","AVG","HIGH","LOW","LOW"
"724","LOW","AVG","AVG","AVG","LOW","LOW","HIGH","AVG","HIGH","LOW","AVG"
"725","LOW","AVG","AVG","LOW","LOW","LOW","AVG","AVG","LOW","LOW","LOW"
"726","LOW","AVG","AVG","HIGH","LOW","LOW","HIGH","AVG","AVG","LOW","HIGH"
"727","AVG","AVG","LOW","AVG","LOW","LOW","HIGH","AVG","LOW","LOW","AVG"
"728","LOW","AVG","AVG","AVG","LOW","LOW","LOW","AVG","AVG","LOW","HIGH"
"729","LOW","LOW","AVG","LOW","LOW","HIGH","AVG","AVG","AVG","HIGH","LOW"
"730","LOW","AVG","LOW","LOW","LOW","HIGH","AVG","AVG","AVG","HIGH","LOW"
"731","LOW","AVG","LOW","AVG","LOW","LOW","AVG","AVG","AVG","LOW","AVG"
"732","AVG","AVG","AVG","LOW","LOW","LOW","LOW","AVG","LOW","LOW","LOW"
"733","AVG","AVG","AVG","LOW","LOW","AVG","HIGH","AVG","AVG","LOW","AVG"
"734","LOW","AVG","LOW","AVG","LOW","LOW","AVG","AVG","LOW","LOW","AVG"
"735","LOW","AVG","LOW","LOW","LOW","LOW","AVG","AVG","AVG","LOW","LOW"
"736","AVG","LOW","LOW","LOW","LOW","LOW","AVG","LOW","LOW","LOW","HIGH"
"737","LOW","AVG","LOW","AVG","AVG","LOW","AVG","AVG","AVG","LOW","AVG"
"738","AVG","HIGH","LOW","LOW","LOW","LOW","LOW","AVG","LOW","LOW","LOW"
"739","LOW","AVG","LOW","LOW","LOW","LOW","HIGH","AVG","LOW","LOW","HIGH"
"740","HIGH","HIGH","AVG","HIGH","HIGH","AVG","HIGH","LOW","LOW","LOW","HIGH"
"741","AVG","AVG","LOW","LOW","LOW","HIGH","LOW","AVG","LOW","HIGH","AVG"
"742","LOW","AVG","AVG","AVG","LOW","LOW","AVG","AVG","LOW","LOW","AVG"
"743","AVG","LOW","AVG","LOW","AVG","LOW","HIGH","AVG","HIGH","LOW","LOW"
"744","LOW","AVG","AVG","LOW","LOW","AVG","AVG","AVG","AVG","LOW","LOW"
"745","LOW","AVG","LOW","LOW","LOW","LOW","AVG","AVG","AVG","LOW","AVG"
"746","LOW","AVG","AVG","AVG","LOW","LOW","LOW","AVG","AVG","LOW","LOW"
"747","LOW","LOW","LOW","LOW","LOW","LOW","LOW","AVG","AVG","LOW","LOW"
"748","LOW","AVG","LOW","LOW","LOW","AVG","HIGH","AVG","AVG","AVG","LOW"
"749","LOW","AVG","AVG","AVG","LOW","LOW","AVG","AVG","AVG","LOW","AVG"
"750","HIGH","HIGH","LOW","HIGH","HIGH","LOW","HIGH","LOW","LOW","LOW","HIGH"
"751","AVG","HIGH","AVG","AVG","LOW","LOW","AVG","AVG","AVG","LOW","LOW"
"752","HIGH","HIGH","AVG","HIGH","LOW","LOW","AVG","LOW","LOW","LOW","AVG"
"753","LOW","AVG","AVG","AVG","AVG","LOW","LOW","AVG","HIGH","LOW","AVG"
"754","LOW","HIGH","LOW","AVG","LOW","LOW","LOW","AVG","AVG","LOW","LOW"
"755","AVG","HIGH","AVG","LOW","LOW","LOW","AVG","AVG","LOW","LOW","LOW"
"756","LOW","AVG","AVG","LOW","LOW","LOW","LOW","AVG","AVG","LOW","LOW"
"757","LOW","AVG","AVG","LOW","LOW","AVG","HIGH","AVG","HIGH","AVG","LOW"
"758","LOW","AVG","LOW","AVG","LOW","LOW","AVG","AVG","AVG","HIGH","LOW"
"759","LOW","AVG","LOW","LOW","LOW","LOW","AVG","AVG","AVG","LOW","LOW"
"760","AVG","AVG","HIGH","HIGH","HIGH","AVG","HIGH","LOW","LOW","AVG","HIGH"
"761","LOW","LOW","AVG","LOW","LOW","LOW","AVG","AVG","LOW","LOW","HIGH"
"762","AVG","HIGH","AVG","AVG","LOW","LOW","AVG","AVG","AVG","LOW","AVG"
"763","LOW","AVG","LOW","LOW","LOW","LOW","AVG","HIGH","LOW","LOW","AVG"
"764","AVG","HIGH","LOW","AVG","LOW","LOW","AVG","AVG","AVG","LOW","LOW"
"765","AVG","HIGH","HIGH","HIGH","HIGH","HIGH","AVG","LOW","LOW","HIGH","AVG"
"766","LOW","AVG","AVG","LOW","AVG","LOW","LOW","AVG","HIGH","LOW","LOW"
"767","AVG","AVG","AVG","LOW","LOW","LOW","AVG","AVG","AVG","LOW","LOW"
"768","AVG","LOW","AVG","LOW","HIGH","LOW","AVG","LOW","LOW","LOW","HIGH"
"769","LOW","HIGH","LOW","AVG","LOW","LOW","HIGH","AVG","AVG","LOW","AVG"
"770","LOW","AVG","AVG","AVG","LOW","AVG","HIGH","AVG","AVG","LOW","LOW"
"771","LOW","AVG","LOW","LOW","LOW","AVG","HIGH","AVG","LOW","LOW","LOW"
"772","LOW","AVG","AVG","AVG","LOW","LOW","LOW","AVG","HIGH","LOW","LOW"
"773","AVG","AVG","LOW","AVG","LOW","LOW","AVG","AVG","AVG","LOW","LOW"
"774","HIGH","HIGH","LOW","HIGH","HIGH","AVG","HIGH","LOW","LOW","AVG","HIGH"
"775","LOW","AVG","AVG","AVG","AVG","LOW","AVG","AVG","AVG","LOW","HIGH"
"776","AVG","HIGH","LOW","LOW","AVG","LOW","AVG","HIGH","LOW","LOW","LOW"
"777","HIGH","HIGH","HIGH","HIGH","LOW","LOW","AVG","LOW","LOW","LOW","HIGH"
"778","AVG","HIGH","AVG","LOW","LOW","AVG","HIGH","AVG","AVG","LOW","LOW"
"779","LOW","AVG","LOW","AVG","LOW","HIGH","HIGH","AVG","AVG","HIGH","AVG"
"780","LOW","AVG","LOW","AVG","LOW","LOW","HIGH","AVG","AVG","LOW","LOW"
"781","HIGH","HIGH","HIGH","AVG","HIGH","AVG","LOW","LOW","LOW","HIGH","AVG"
"782","LOW","AVG","LOW","LOW","LOW","LOW","HIGH","AVG","AVG","LOW","LOW"
"783","LOW","AVG","LOW","LOW","LOW","LOW","AVG","AVG","LOW","AVG","AVG"
"784","LOW","AVG","LOW","LOW","LOW","LOW","HIGH","AVG","AVG","LOW","LOW"
"785","AVG","HIGH","AVG","AVG","LOW","LOW","LOW","AVG","AVG","LOW","HIGH"
"786","AVG","HIGH","LOW","LOW","LOW","AVG","LOW","AVG","AVG","HIGH","LOW"
"787","AVG","HIGH","LOW","LOW","LOW","AVG","HIGH","AVG","AVG","LOW","LOW"
"788","LOW","AVG","LOW","LOW","LOW","LOW","AVG","AVG","AVG","LOW","LOW"
"789","LOW","AVG","AVG","LOW","LOW","AVG","AVG","AVG","AVG","HIGH","LOW"
"790","AVG","AVG","AVG","LOW","LOW","LOW","HIGH","AVG","HIGH","LOW","LOW"
"791","AVG","AVG","LOW","HIGH","LOW","LOW","LOW","LOW","LOW","LOW","HIGH"
"792","HIGH","HIGH","HIGH","HIGH","LOW","LOW","AVG","LOW","LOW","LOW","HIGH"
"793","LOW","AVG","LOW","LOW","HIGH","LOW","HIGH","HIGH","LOW","AVG","AVG"
"794","LOW","AVG","AVG","LOW","LOW","LOW","HIGH","AVG","AVG","LOW","LOW"
"795","HIGH","HIGH","LOW","HIGH","AVG","LOW","AVG","LOW","LOW","LOW","HIGH"
"796","LOW","LOW","LOW","LOW","LOW","LOW","AVG","HIGH","LOW","LOW","LOW"
"797","LOW","AVG","HIGH","LOW","HIGH","AVG","LOW","LOW","LOW","HIGH","AVG"
"798","LOW","AVG","LOW","LOW","HIGH","LOW","HIGH","HIGH","LOW","LOW","LOW"
"799","LOW","AVG","AVG","LOW","LOW","LOW","HIGH","AVG","AVG","LOW","LOW"
"800","LOW","AVG","LOW","LOW","LOW","LOW","LOW","HIGH","LOW","LOW","AVG"
"801","LOW","AVG","LOW","LOW","HIGH","LOW","AVG","HIGH","LOW","AVG","LOW"
"802","LOW","AVG","LOW","AVG","LOW","AVG","AVG","AVG","AVG","LOW","AVG"
"803","LOW","AVG","AVG","LOW","AVG","LOW","HIGH","AVG","HIGH","AVG","LOW"
"804","LOW","AVG","LOW","AVG","LOW","LOW","HIGH","AVG","AVG","LOW","LOW"
"805","LOW","AVG","LOW","LOW","AVG","LOW","HIGH","AVG","AVG","LOW","LOW"
"806","LOW","AVG","LOW","LOW","LOW","LOW","HIGH","AVG","AVG","LOW","HIGH"
"807","AVG","AVG","AVG","LOW","LOW","LOW","AVG","AVG","HIGH","LOW","AVG"
"808","LOW","AVG","LOW","LOW","AVG","LOW","LOW","HIGH","LOW","LOW","LOW"
"809","LOW","AVG","AVG","LOW","LOW","LOW","AVG","AVG","HIGH","LOW","LOW"
"810","LOW","AVG","AVG","LOW","LOW","LOW","LOW","AVG","AVG","LOW","LOW"
"811","AVG","HIGH","LOW","LOW","LOW","LOW","AVG","AVG","AVG","LOW","LOW"
"812","LOW","HIGH","AVG","LOW","LOW","LOW","AVG","AVG","LOW","LOW","HIGH"
"813","LOW","AVG","AVG","LOW","LOW","HIGH","AVG","AVG","HIGH","HIGH","LOW"
"814","LOW","AVG","LOW","LOW","HIGH","LOW","AVG","HIGH","LOW","LOW","LOW"
"815","AVG","HIGH","LOW","HIGH","HIGH","LOW","LOW","LOW","LOW","LOW","HIGH"
"816","LOW","AVG","AVG","LOW","LOW","AVG","AVG","AVG","AVG","HIGH","LOW"
"817","AVG","AVG","LOW","LOW","LOW","LOW","AVG","AVG","AVG","LOW","LOW"
"818","LOW","LOW","LOW","LOW","LOW","LOW","LOW","AVG","LOW","LOW","HIGH"
"819","LOW","AVG","AVG","AVG","AVG","LOW","AVG","AVG","AVG","AVG","AVG"
"820","LOW","AVG","AVG","LOW","LOW","LOW","HIGH","AVG","HIGH","LOW","AVG"
"821","LOW","LOW","AVG","LOW","LOW","LOW","AVG","LOW","AVG","LOW","HIGH"
"822","LOW","AVG","LOW","LOW","LOW","LOW","AVG","AVG","LOW","LOW","LOW"
"823","LOW","AVG","AVG","AVG","LOW","LOW","HIGH","AVG","LOW","LOW","AVG"
"824","LOW","AVG","LOW","LOW","LOW","LOW","AVG","AVG","LOW","LOW","HIGH"
"825","LOW","AVG","LOW","LOW","LOW","LOW","AVG","AVG","LOW","LOW","AVG"
"826","LOW","AVG","LOW","LOW","LOW","LOW","HIGH","AVG","AVG","LOW","AVG"
"827","LOW","AVG","LOW","LOW","AVG","LOW","AVG","HIGH","LOW","LOW","LOW"
"828","AVG","AVG","AVG","LOW","LOW","LOW","AVG","AVG","AVG","LOW","LOW"
"829","HIGH","HIGH","HIGH","HIGH","HIGH","LOW","AVG","LOW","LOW","LOW","HIGH"
"830","LOW","HIGH","AVG","AVG","LOW","LOW","HIGH","AVG","HIGH","LOW","LOW"
"831","LOW","AVG","LOW","AVG","AVG","LOW","AVG","AVG","AVG","LOW","AVG"
"832","AVG","AVG","AVG","LOW","LOW","LOW","HIGH","AVG","LOW","LOW","LOW"
"833","HIGH","HIGH","LOW","HIGH","HIGH","LOW","AVG","LOW","LOW","LOW","HIGH"
"834","LOW","AVG","LOW","LOW","LOW","LOW","HIGH","AVG","AVG","LOW","LOW"
"835","LOW","AVG","LOW","LOW","LOW","LOW","AVG","HIGH","LOW","LOW","LOW"
"836","LOW","AVG","LOW","LOW","LOW","LOW","LOW","HIGH","LOW","LOW","LOW"
"837","LOW","AVG","AVG","LOW","LOW","LOW","LOW","AVG","AVG","LOW","LOW"
"838","LOW","AVG","LOW","LOW","LOW","HIGH","LOW","AVG","AVG","HIGH","LOW"
"839","HIGH","HIGH","HIGH","HIGH","HIGH","LOW","LOW","LOW","LOW","LOW","AVG"
"840","LOW","AVG","LOW","AVG","LOW","AVG","HIGH","AVG","AVG","AVG","AVG"
"841","AVG","AVG","LOW","LOW","LOW","LOW","HIGH","AVG","AVG","AVG","LOW"
"842","AVG","HIGH","LOW","AVG","LOW","LOW","AVG","AVG","AVG","LOW","HIGH"
"843","AVG","AVG","LOW","AVG","AVG","LOW","HIGH","AVG","AVG","LOW","AVG"
"844","AVG","AVG","AVG","LOW","LOW","LOW","HIGH","AVG","AVG","LOW","LOW"
"845","AVG","LOW","LOW","LOW","AVG","LOW","HIGH","AVG","AVG","LOW","LOW"
"846","LOW","HIGH","LOW","LOW","LOW","LOW","LOW","HIGH","LOW","AVG","LOW"
"847","LOW","LOW","AVG","AVG","LOW","LOW","HIGH","LOW","AVG","LOW","LOW"
"848","AVG","LOW","LOW","LOW","LOW","LOW","HIGH","AVG","AVG","LOW","AVG"
"849","AVG","HIGH","AVG","LOW","LOW","LOW","LOW","AVG","AVG","LOW","AVG"
"850","LOW","AVG","LOW","LOW","AVG","AVG","HIGH","AVG","AVG","AVG","LOW"
"851","AVG","AVG","LOW","LOW","LOW","HIGH","HIGH","AVG","AVG","HIGH","LOW"
"852","LOW","AVG","LOW","LOW","LOW","LOW","HIGH","AVG","HIGH","LOW","LOW"
"853","AVG","HIGH","LOW","AVG","LOW","LOW","LOW","AVG","AVG","HIGH","AVG"
"854","LOW","LOW","LOW","LOW","LOW","AVG","LOW","HIGH","LOW","HIGH","LOW"
"855","LOW","AVG","AVG","LOW","LOW","HIGH","LOW","AVG","AVG","HIGH","LOW"
"856","LOW","AVG","AVG","LOW","AVG","LOW","AVG","AVG","AVG","LOW","LOW"
"857","LOW","LOW","HIGH","LOW","LOW","LOW","LOW","LOW","LOW","LOW","HIGH"
"858","LOW","AVG","AVG","LOW","LOW","LOW","HIGH","AVG","AVG","LOW","LOW"
"859","LOW","AVG","LOW","HIGH","LOW","LOW","AVG","AVG","LOW","LOW","HIGH"
"860","LOW","LOW","HIGH","LOW","LOW","AVG","HIGH","LOW","LOW","LOW","HIGH"
"861","AVG","HIGH","AVG","AVG","LOW","LOW","LOW","AVG","HIGH","LOW","AVG"
"862","HIGH","HIGH","LOW","HIGH","LOW","LOW","HIGH","LOW","LOW","LOW","HIGH"
"863","LOW","AVG","LOW","LOW","LOW","LOW","HIGH","AVG","AVG","LOW","LOW"
"864","LOW","LOW","LOW","LOW","LOW","LOW","AVG","LOW","AVG","LOW","HIGH"
"865","LOW","AVG","AVG","LOW","LOW","AVG","HIGH","AVG","LOW","AVG","LOW"
"866","AVG","AVG","AVG","AVG","AVG","LOW","AVG","AVG","AVG","LOW","HIGH"
"867","LOW","AVG","AVG","LOW","LOW","LOW","HIGH","AVG","AVG","LOW","LOW"
"868","HIGH","HIGH","LOW","HIGH","HIGH","LOW","LOW","LOW","LOW","LOW","HIGH"
"869","AVG","HIGH","LOW","LOW","LOW","HIGH","AVG","AVG","AVG","HIGH","LOW"
"870","LOW","AVG","AVG","AVG","LOW","LOW","HIGH","AVG","AVG","LOW","AVG"
"871","LOW","AVG","LOW","LOW","LOW","AVG","HIGH","AVG","LOW","LOW","AVG"
"872","LOW","LOW","LOW","AVG","LOW","LOW","HIGH","AVG","AVG","LOW","AVG"
"873","LOW","AVG","LOW","LOW","LOW","LOW","AVG","HIGH","LOW","LOW","LOW"
"874","AVG","HIGH","AVG","AVG","LOW","LOW","AVG","AVG","AVG","AVG","AVG"
"875","LOW","AVG","AVG","LOW","LOW","LOW","LOW","AVG","AVG","LOW","LOW"
"876","AVG","HIGH","LOW","HIGH","LOW","LOW","AVG","AVG","AVG","LOW","HIGH"
"877","LOW","AVG","LOW","LOW","LOW","LOW","AVG","AVG","AVG","LOW","LOW"
"878","AVG","LOW","HIGH","LOW","HIGH","LOW","LOW","LOW","LOW","LOW","HIGH"
"879","LOW","AVG","AVG","LOW","LOW","LOW","AVG","AVG","LOW","LOW","LOW"
"880","LOW","AVG","LOW","LOW","LOW","LOW","AVG","AVG","AVG","LOW","HIGH"
"881","LOW","AVG","AVG","LOW","LOW","LOW","AVG","AVG","AVG","LOW","LOW"
"882","AVG","AVG","LOW","LOW","LOW","LOW","LOW","AVG","AVG","LOW","AVG"
"883","AVG","LOW","HIGH","LOW","LOW","LOW","AVG","LOW","LOW","LOW","LOW"
"884","LOW","AVG","LOW","LOW","LOW","LOW","HIGH","AVG","LOW","LOW","LOW"
"885","LOW","AVG","LOW","LOW","LOW","LOW","AVG","AVG","AVG","LOW","LOW"
"886","HIGH","HIGH","LOW","HIGH","LOW","LOW","HIGH","LOW","LOW","LOW","AVG"
"887","LOW","AVG","LOW","AVG","LOW","LOW","AVG","AVG","LOW","LOW","LOW"
"888","AVG","HIGH","AVG","LOW","AVG","LOW","HIGH","AVG","AVG","LOW","LOW"
"889","LOW","LOW","AVG","LOW","AVG","LOW","HIGH","LOW","AVG","LOW","HIGH"
"890","LOW","AVG","AVG","LOW","LOW","LOW","AVG","AVG","HIGH","LOW","LOW"
"891","LOW","LOW","LOW","LOW","LOW","LOW","AVG","AVG","LOW","LOW","LOW"
"892","LOW","AVG","AVG","AVG","LOW","LOW","HIGH","AVG","AVG","AVG","LOW"
"893","LOW","AVG","LOW","AVG","LOW","LOW","LOW","AVG","AVG","HIGH","LOW"
"894","AVG","AVG","LOW","LOW","LOW","LOW","AVG","AVG","AVG","LOW","AVG"
"895","LOW","AVG","LOW","AVG","LOW","LOW","LOW","AVG","AVG","LOW","LOW"
"896","LOW","AVG","AVG","LOW","LOW","AVG","LOW","AVG","AVG","HIGH","LOW"
"897","LOW","LOW","LOW","LOW","LOW","LOW","AVG","HIGH","LOW","LOW","LOW"
"898","AVG","AVG","LOW","AVG","LOW","LOW","LOW","AVG","AVG","LOW","AVG"
"899","AVG","HIGH","AVG","AVG","AVG","LOW","LOW","AVG","AVG","LOW","LOW"
"900","AVG","HIGH","LOW","LOW","LOW","LOW","LOW","AVG","LOW","LOW","LOW"
"901","AVG","HIGH","LOW","AVG","LOW","LOW","AVG","AVG","AVG","LOW","LOW"
"902","AVG","LOW","HIGH","LOW","LOW","HIGH","HIGH","LOW","LOW","HIGH","AVG"
"903","HIGH","HIGH","LOW","HIGH","LOW","LOW","AVG","LOW","LOW","LOW","HIGH"
"904","LOW","AVG","LOW","LOW","LOW","AVG","HIGH","HIGH","LOW","LOW","LOW"
"905","AVG","AVG","LOW","HIGH","HIGH","LOW","AVG","LOW","LOW","AVG","HIGH"
"906","AVG","AVG","AVG","LOW","AVG","LOW","AVG","AVG","AVG","LOW","LOW"
"907","LOW","LOW","AVG","LOW","LOW","LOW","HIGH","LOW","AVG","LOW","HIGH"
"908","LOW","LOW","AVG","AVG","LOW","LOW","HIGH","LOW","AVG","AVG","AVG"
"909","AVG","HIGH","AVG","LOW","LOW","LOW","HIGH","AVG","AVG","LOW","AVG"
"910","AVG","HIGH","HIGH","HIGH","HIGH","LOW","AVG","LOW","LOW","LOW","AVG"
"911","LOW","LOW","HIGH","LOW","HIGH","LOW","LOW","LOW","LOW","LOW","HIGH"
"912","LOW","AVG","AVG","LOW","LOW","LOW","AVG","AVG","HIGH","LOW","LOW"
"913","LOW","AVG","LOW","AVG","LOW","LOW","HIGH","AVG","LOW","AVG","AVG"
"914","HIGH","HIGH","AVG","HIGH","LOW","HIGH","AVG","LOW","LOW","HIGH","AVG"
"915","LOW","LOW","LOW","LOW","HIGH","LOW","HIGH","HIGH","LOW","LOW","LOW"
"916","HIGH","HIGH","HIGH","HIGH","HIGH","LOW","AVG","LOW","LOW","LOW","AVG"
"917","LOW","AVG","LOW","AVG","LOW","LOW","HIGH","AVG","AVG","LOW","AVG"
"918","LOW","AVG","AVG","AVG","LOW","LOW","AVG","AVG","HIGH","LOW","AVG"
"919","LOW","AVG","LOW","AVG","AVG","LOW","AVG","LOW","AVG","LOW","AVG"
"920","LOW","AVG","LOW","LOW","AVG","LOW","AVG","HIGH","LOW","LOW","LOW"
"921","LOW","HIGH","LOW","AVG","LOW","LOW","HIGH","AVG","AVG","LOW","LOW"
"922","HIGH","HIGH","HIGH","HIGH","HIGH","HIGH","AVG","LOW","LOW","HIGH","HIGH"
"923","LOW","AVG","LOW","LOW","LOW","LOW","AVG","HIGH","LOW","LOW","LOW"
"924","AVG","HIGH","LOW","LOW","LOW","LOW","LOW","HIGH","LOW","AVG","LOW"
"925","HIGH","HIGH","HIGH","HIGH","HIGH","LOW","AVG","LOW","LOW","LOW","HIGH"
"926","LOW","AVG","LOW","LOW","LOW","AVG","LOW","HIGH","LOW","HIGH","AVG"
"927","LOW","AVG","LOW","LOW","LOW","LOW","HIGH","AVG","AVG","LOW","LOW"
"928","AVG","HIGH","LOW","LOW","LOW","LOW","AVG","AVG","LOW","LOW","HIGH"
"929","AVG","LOW","AVG","LOW","HIGH","LOW","AVG","LOW","LOW","LOW","HIGH"
"930","AVG","AVG","AVG","LOW","LOW","LOW","AVG","AVG","HIGH","LOW","LOW"
"931","LOW","AVG","AVG","LOW","LOW","HIGH","HIGH","AVG","HIGH","HIGH","LOW"
"932","HIGH","HIGH","LOW","HIGH","HIGH","LOW","AVG","LOW","LOW","LOW","AVG"
"933","LOW","AVG","AVG","AVG","LOW","LOW","LOW","AVG","AVG","LOW","AVG"
"934","LOW","AVG","LOW","LOW","LOW","LOW","LOW","HIGH","LOW","LOW","LOW"
"935","LOW","AVG","LOW","LOW","LOW","LOW","LOW","AVG","AVG","LOW","AVG"
"936","LOW","AVG","AVG","LOW","LOW","LOW","LOW","AVG","LOW","LOW","LOW"
"937","LOW","AVG","LOW","AVG","AVG","LOW","LOW","AVG","AVG","LOW","LOW"
"938","AVG","HIGH","LOW","LOW","LOW","LOW","HIGH","AVG","AVG","LOW","LOW"
"939","LOW","LOW","LOW","LOW","HIGH","LOW","HIGH","LOW","LOW","LOW","AVG"
"940","AVG","HIGH","AVG","LOW","LOW","LOW","HIGH","AVG","HIGH","LOW","LOW"
"941","AVG","LOW","AVG","AVG","LOW","AVG","HIGH","AVG","HIGH","LOW","AVG"
"942","LOW","AVG","LOW","LOW","LOW","LOW","AVG","HIGH","LOW","LOW","LOW"
"943","LOW","AVG","LOW","LOW","LOW","LOW","HIGH","AVG","AVG","LOW","LOW"
"944","AVG","HIGH","LOW","LOW","LOW","LOW","AVG","HIGH","LOW","LOW","LOW"
"945","AVG","AVG","AVG","LOW","AVG","LOW","AVG","LOW","AVG","LOW","HIGH"
"946","LOW","HIGH","AVG","LOW","LOW","AVG","LOW","AVG","AVG","HIGH","LOW"
"947","AVG","AVG","LOW","AVG","LOW","LOW","HIGH","LOW","AVG","AVG","HIGH"
"948","LOW","LOW","AVG","AVG","LOW","LOW","AVG","AVG","AVG","LOW","HIGH"
"949","LOW","AVG","HIGH","HIGH","HIGH","LOW","AVG","LOW","LOW","LOW","HIGH"
"950","HIGH","HIGH","AVG","HIGH","LOW","LOW","LOW","LOW","LOW","LOW","HIGH"
"951","LOW","AVG","AVG","AVG","LOW","LOW","LOW","AVG","LOW","LOW","AVG"
"952","AVG","HIGH","AVG","LOW","LOW","LOW","HIGH","AVG","HIGH","LOW","LOW"
"953","AVG","AVG","LOW","LOW","LOW","LOW","AVG","AVG","AVG","LOW","LOW"
"954","LOW","LOW","LOW","LOW","LOW","AVG","LOW","HIGH","LOW","HIGH","LOW"
"955","LOW","AVG","LOW","AVG","LOW","LOW","AVG","AVG","AVG","LOW","AVG"
"956","LOW","AVG","LOW","AVG","LOW","HIGH","HIGH","AVG","AVG","HIGH","AVG"
"957","AVG","AVG","LOW","LOW","LOW","LOW","HIGH","AVG","LOW","LOW","HIGH"
"958","LOW","AVG","LOW","LOW","LOW","LOW","AVG","AVG","AVG","AVG","LOW"
"959","AVG","HIGH","AVG","AVG","LOW","LOW","HIGH","AVG","AVG","LOW","AVG"
"960","LOW","AVG","AVG","LOW","LOW","LOW","AVG","AVG","HIGH","LOW","LOW"
"961","AVG","HIGH","LOW","LOW","LOW","LOW","HIGH","AVG","AVG","LOW","AVG"
"962","AVG","HIGH","AVG","AVG","LOW","LOW","LOW","AVG","AVG","LOW","LOW"
"963","AVG","HIGH","LOW","LOW","LOW","HIGH","HIGH","HIGH","LOW","HIGH","AVG"
"964","LOW","AVG","AVG","AVG","LOW","LOW","HIGH","AVG","HIGH","LOW","AVG"
"965","LOW","AVG","LOW","LOW","LOW","LOW","AVG","HIGH","LOW","LOW","LOW"
"966","LOW","AVG","LOW","AVG","LOW","LOW","HIGH","AVG","AVG","AVG","LOW"
"967","HIGH","HIGH","LOW","HIGH","LOW","LOW","HIGH","LOW","LOW","LOW","HIGH"
"968","LOW","AVG","AVG","LOW","LOW","LOW","AVG","AVG","AVG","LOW","LOW"
"969","LOW","AVG","LOW","LOW","LOW","LOW","AVG","AVG","AVG","LOW","LOW"
"970","LOW","AVG","LOW","LOW","LOW","LOW","HIGH","HIGH","LOW","LOW","LOW"
"971","AVG","AVG","LOW","AVG","LOW","LOW","AVG","AVG","AVG","LOW","AVG"
"972","LOW","AVG","LOW","LOW","LOW","LOW","HIGH","HIGH","LOW","LOW","LOW"
"973","LOW","AVG","LOW","LOW","LOW","LOW","HIGH","AVG","LOW","LOW","LOW"
"974","LOW","LOW","AVG","LOW","LOW","LOW","AVG","LOW","AVG","LOW","LOW"
"975","AVG","AVG","LOW","AVG","LOW","LOW","HIGH","AVG","AVG","AVG","AVG"
"976","LOW","AVG","AVG","LOW","LOW","LOW","HIGH","AVG","LOW","LOW","LOW"
"977","LOW","AVG","LOW","AVG","LOW","LOW","AVG","AVG","AVG","LOW","HIGH"
"978","LOW","LOW","AVG","LOW","LOW","AVG","HIGH","LOW","LOW","AVG","HIGH"
"979","AVG","AVG","LOW","LOW","LOW","LOW","LOW","AVG","LOW","LOW","LOW"
"980","LOW","AVG","LOW","AVG","LOW","LOW","AVG","AVG","LOW","LOW","AVG"
"981","LOW","AVG","AVG","AVG","LOW","LOW","HIGH","AVG","HIGH","LOW","LOW"
"982","LOW","AVG","AVG","LOW","AVG","AVG","HIGH","AVG","AVG","AVG","LOW"
"983","LOW","LOW","LOW","LOW","LOW","LOW","LOW","AVG","AVG","LOW","LOW"
"984","HIGH","HIGH","AVG","HIGH","HIGH","LOW","AVG","LOW","LOW","LOW","HIGH"
"985","HIGH","HIGH","HIGH","HIGH","AVG","LOW","HIGH","LOW","LOW","LOW","HIGH"
"986","AVG","AVG","LOW","AVG","LOW","LOW","HIGH","AVG","AVG","LOW","LOW"
"987","LOW","AVG","LOW","AVG","LOW","AVG","AVG","AVG","AVG","HIGH","LOW"
"988","LOW","AVG","LOW","LOW","LOW","LOW","LOW","HIGH","LOW","LOW","LOW"
"989","LOW","AVG","AVG","AVG","AVG","LOW","HIGH","AVG","HIGH","LOW","AVG"
"990","HIGH","HIGH","LOW","HIGH","HIGH","LOW","HIGH","LOW","LOW","LOW","HIGH"
"991","LOW","AVG","LOW","AVG","LOW","LOW","HIGH","AVG","AVG","LOW","HIGH"
"992","LOW","AVG","AVG","LOW","LOW","LOW","HIGH","AVG","AVG","LOW","AVG"
"993","LOW","AVG","LOW","LOW","LOW","LOW","HIGH","HIGH","LOW","AVG","LOW"
"994","LOW","AVG","LOW","AVG","AVG","LOW","HIGH","AVG","LOW","LOW","AVG"
"995","AVG","HIGH","AVG","LOW","LOW","LOW","AVG","AVG","AVG","LOW","LOW"
"996","LOW","AVG","LOW","AVG","LOW","LOW","AVG","AVG","AVG","LOW","AVG"
"997","LOW","AVG","AVG","LOW","LOW","LOW","AVG","AVG","AVG","LOW","LOW"
"998","AVG","HIGH","LOW","AVG","LOW","LOW","AVG","AVG","AVG","LOW","AVG"
"999","LOW","AVG","AVG","AVG","LOW","LOW","AVG","AVG","AVG","LOW","AVG"
"1000","LOW","AVG","LOW","LOW","LOW","LOW","AVG","AVG","AVG","LOW","LOW"
